chinese_word,french_translation,chinese_sentence,french_sentence
阿姨,tante,这是我的阿姨，她很善良。,"C'est ma tante, elle est gentille."
啊,ah,今天天气真好啊！,"Ah, qu'il fait beau aujourd'hui !"
矮,petit,这个书架太矮了。,Cette étagère est trop petite.
安静,calme,请保持安静。,Veuillez rester calme.
安排,arranger,我已经安排好了会议。,J'ai déjà arrangé la réunion.
安全,sûr,这个地方很安全。,Cet endroit est très sûr.
暗,sombre,房间里太暗了。,La chambre est trop sombre.
按照,selon,请按照说明书操作。,Veuillez suivre les instructions.
八,huit,我有八本书。,J'ai huit livres.
把,tenir,请把门关上。,Ferme la porte s'il te plaît.
爸爸,papa,我爸爸在花园里。,Mon papa est dans le jardin.
吧,d'accord,我们去吃饭吧。,"Allons manger, d'accord ?"
白,blanc,这朵花是白色的。,Cette fleur est blanche.
百,cent,这本书有一百页。,Ce livre a cent pages.
班,classe,我在三年级二班。,Je suis dans la classe 2 en troisième année.
搬,déménager,我们明天要搬家。,Nous déménageons demain.
半,demi,这个蛋糕只吃了一半。,On n'a mangé que la moitié du gâteau.
帮忙,aider,你能帮忙拿一下这个箱子吗？,Peux-tu m'aider à porter cette boîte ?
帮助,aide,谢谢你的帮助。,Merci pour ton aide.
包,emballer,请把礼物包起来。,"S'il vous plaît, emballez le cadeau."
包括,inclure,票价包括午餐。,Le prix inclut le déjeuner.
抱,porter/serrer,妈妈抱着小孩。,La mère porte son enfant dans ses bras.
抱歉,désolé,抱歉，我来晚了。,"Désolé, je suis en retard."
杯子,verre/tasse,这个杯子是空的。,Cette tasse est vide.
北方,nord,我来自中国北方。,Je viens du nord de la Chine.
北京,Pékin,北京是中国的首都。,Pékin est la capitale de la Chine.
倍,fois,这个数字是那个的两倍。,Ce nombre est deux fois plus grand que celui-là.
被,être (passif),信被风吹走了。,La lettre a été emportée par le vent.
本,livre/volume,这本书很有趣。,Ce livre est très intéressant.
本来,à l'origine,我本来想去公园。,"À l'origine, je voulais aller au parc."
笨,stupide,这个问题一点也不笨。,Cette question n'est pas du tout stupide.
鼻子,nez,他的鼻子很高。,Il a un grand nez.
比,plus que,她比我高。,Elle est plus grande que moi.
遍,fois,我读了这本书两遍。,J'ai lu ce livre deux fois.
表格,formulaire,请填写这个表格。,Veuillez remplir ce formulaire.
表示,exprimer,他表示很满意。,Il exprime sa satisfaction.
表演,spectacle,我们今晚有表演。,Nous avons un spectacle ce soir.
别,ne pas,别担心。,Ne t'inquiète pas.
别人,les autres,别人都走了。,Les autres sont tous partis.
冰箱,réfrigérateur,冰箱里有牛奶。,Il y a du lait dans le réfrigérateur.
并且,et aussi,他聪明并且勤奋。,Il est intelligent et aussi travailleur.
博士,docteur,她是物理学博士。,Elle est docteur en physique.
不但,non seulement,他不但会说中文，还会说法语。,"Non seulement il parle chinois, mais aussi français."
不客气,de rien,谢谢。-不客气！,Merci. -De rien!
不,ne pas,我不懂法语。,Je ne parle pas français.
不得不,être obligé de,我不得不去上班。,Je suis obligé d'aller travailler.
不管,peu importe,不管天气怎样，我们都要去。,"Peu importe le temps, nous devons y aller."
部分,partie,这只是问题的一部分。,Ce n'est qu'une partie du problème.
擦,essuyer,请擦一下桌子。,"S'il vous plaît, essuyez la table."
猜,deviner,你猜我今天看见谁了？,Devine qui j'ai vu aujourd'hui ?
才,seulement,他才十岁。,Il n'a que dix ans.
材料,matériel,我需要一些学习材料。,J'ai besoin de matériel d'étude.
菜,plat,这个菜很好吃。,Ce plat est délicieux.
参加,participer,你要参加这个活动吗？,Veux-tu participer à cette activité ?
草,herbe,草地上有很多花。,Il y a beaucoup de fleurs dans l'herbe.
茶,thé,我每天早上喝茶。,Je bois du thé tous les matins.
差,mauvais,他的成绩很差。,Ses notes sont mauvaises.
差不多,presque,我们差不多要到了。,Nous sommes presque arrivés.
唱歌,chanter,她喜欢唱歌。,Elle aime chanter.
超市,supermarché,我要去超市买东西。,Je vais faire des courses au supermarché.
吵,se disputer/bruyant,他们总是在吵架。,Ils se disputent tout le temps.
成功,succès/réussir,她终于成功了。,Elle a finalement réussi.
成熟,mûr/mature,这个水果很成熟了。,Ce fruit est bien mûr.
城市,ville,这是一个美丽的城市。,C'est une belle ville.
乘坐,prendre/monter dans,我们乘坐公共汽车去学校。,Nous prenons le bus pour aller à l'école.
吃,manger,我们一起去吃午饭吧。,Allons déjeuner ensemble.
重新,de nouveau/encore,我需要重新开始。,Je dois recommencer.
抽烟,fumer,请不要在这里抽烟。,Veuillez ne pas fumer ici.
出,sortir,他刚才出去了。,Il vient de sortir.
出差,voyage d'affaires,我明天要出差到巴黎。,Je pars en voyage d'affaires à Paris demain.
出生,naître,她在法国出生。,Elle est née en France.
厨房,cuisine,妈妈在厨房做饭。,Maman cuisine dans la cuisine.
除了,sauf/excepté,除了他，所有人都来了。,Tout le monde est venu sauf lui.
船,bateau,那艘船很大。,Ce bateau est très grand.
春,printemps,春天来了。,Le printemps est arrivé.
次,fois,这是我第二次来巴黎。,C'est ma deuxième fois à Paris.
从,de; depuis,他从北京来。,Il vient de Pékin.
从来,toujours; jamais,我从来没去过法国。,Je ne suis jamais allé en France.
粗心,négligent,他做作业很粗心。,Il est négligent dans ses devoirs.
答案,réponse,这个问题的答案很简单。,La réponse à cette question est simple.
打扮,se préparer; s'habiller,她在打扮准备去派对。,Elle se prépare pour aller à la fête.
打算,avoir l'intention de,我打算明年去旅游。,J'ai l'intention de voyager l'année prochaine.
打印,imprimer,请帮我打印这份文件。,"S'il vous plaît, imprimez ce document pour moi."
打折,faire une réduction,这家商店正在打折。,Ce magasin fait des réductions.
大,grand,这是一个大房子。,C'est une grande maison.
大概,probablement,他大概明天来。,Il viendra probablement demain.
大家,tout le monde,大家都喜欢这部电影。,Tout le monde aime ce film.
戴,porter,她戴着一顶红帽子。,Elle porte un chapeau rouge.
代表,représentant,他是我们公司的代表。,Il est le représentant de notre entreprise.
代替,remplacer,她今天代替我工作。,Elle me remplace au travail aujourd'hui.
大夫,médecin,我需要去看大夫,J'ai besoin d'aller voir le médecin
担心,s'inquiéter,妈妈担心我的健康,Maman s'inquiète pour ma santé
蛋糕,gâteau,这个巧克力蛋糕很好吃,Ce gâteau au chocolat est délicieux
但是,mais,我想去但是没有时间,Je veux y aller mais je n'ai pas le temps
当,être,他当老师已经十年了,Il est professeur depuis dix ans
当地,local,我们喜欢吃当地的食物,Nous aimons manger la cuisine locale
当然,bien sûr,你想来吗？当然!,Tu veux venir? Bien sûr!
刀,couteau,这把刀很锋利,Ce couteau est très tranchant
到,arriver,他们已经到家了,Ils sont déjà arrivés à la maison
到底,finalement,你到底想要什么？,Que veux-tu finalement?
道歉,s'excuser,他向我道歉了,Il s'est excusé auprès de moi
得意,fier,他对考试结果很得意,Il est fier de ses résultats d'examen
地,particule -ment,她安静地看书,Elle lit tranquillement
的,de,这是我的书,C'est mon livre
得,particule de degré,他跑得很快,Il court très vite
得,devoir,我得早点回家。,Je dois rentrer tôt à la maison.
灯,lampe,请把灯打开。,Allume la lampe s'il te plaît.
等,attendre,请等一下。,Attendez un moment s'il vous plaît.
等,etcetera,我喜欢苹果、香蕉等水果。,"J'aime les pommes, les bananes, etc."
低,bas,他说话声音很低。,Il parle à voix basse.
底,fond,箱子的底是空的。,Le fond de la boîte est vide.
弟弟,petit frère,我的弟弟今年十岁。,Mon petit frère a dix ans.
地方,endroit,这是一个很好的地方。,C'est un très bon endroit.
地球,Terre,地球是我们的家。,La Terre est notre maison.
地址,adresse,请告诉我你的地址。,Donne-moi ton adresse s'il te plaît.
第一,premier,他是班上第一名。,Il est premier de sa classe.
点,point,墙上有一个黑点。,Il y a un point noir sur le mur.
掉,tomber,书从桌子上掉下来了。,Le livre est tombé de la table.
冬,hiver,冬天很冷。,L'hiver fait très froid.
懂,comprendre,我完全懂你的意思。,Je comprends parfaitement ce que tu veux dire.
都,"tout, tous",我们都喜欢吃冰淇淋,Nous aimons tous manger de la glace
肚子,ventre,我的肚子疼,J'ai mal au ventre
短,court,这条裙子太短了,Cette jupe est trop courte
段,"section, partie",这段路很难走,Cette section de route est difficile
断,"couper, rompre",别断了联系,Ne perdons pas contact
多,beaucoup,这里有很多书,Il y a beaucoup de livres ici
多么,"combien, comme",天气多么好啊！,Comme le temps est beau !
多少,combien,这本书多少钱？,Combien coûte ce livre ?
朵,classificateur de fleurs,一朵白花,Une fleur blanche
而,"et, mais",他聪明而且勤奋,Il est intelligent et diligent
而且,de plus,她漂亮而且聪明,"Elle est belle et, de plus, intelligente"
儿童,enfant,这是儿童公园,C'est un parc pour enfants
儿子,fils,我的儿子今年六岁,Mon fils a six ans
耳朵,oreille,他的耳朵很大,Ses oreilles sont grandes
二,deux,我住在二楼,J'habite au deuxième étage
法律,la loi,每个国家都有自己的法律,Chaque pays a ses propres lois
方便,pratique/commode,这个地方很方便买东西,C'est pratique d'acheter des choses dans cet endroit
方法,la méthode,我找到了解决问题的方法,J'ai trouvé la méthode pour résoudre le problème
方面,aspect/domaine,他在各个方面都很优秀,Il est excellent dans tous les domaines
方向,la direction,我不知道去车站的方向,Je ne connais pas la direction de la gare
放,mettre/placer,请把书放在桌子上,Mets le livre sur la table s'il te plaît
放弃,abandonner,他决定放弃这个工作,Il a décidé d'abandonner ce travail
放暑假,prendre les vacances d'été,学生们开始放暑假了,Les étudiants commencent leurs vacances d'été
放心,être rassuré,你可以放心去旅行,Tu peux partir en voyage tranquillement
非常,très/extrêmement,这个电影非常有意思,Ce film est très intéressant
分,diviser/partager,老师把学生分成小组,Le professeur divise les élèves en groupes
份,part/portion,我想要一份咖啡,Je voudrais une portion de café
丰富,riche/abondant,这里的文化很丰富,La culture est très riche ici
符合,correspondre à,这个答案符合要求,Cette réponse correspond aux exigences
富,riche,他是一个富商人,C'est un riche commerçant
附近,à proximité,学校附近有一家咖啡店,Il y a un café à proximité de l'école
复印,photocopier,我需要复印这些文件,J'ai besoin de photocopier ces documents
干杯,santé,让我们一起干杯吧,Trinquons ensemble
干燥,sec,冬天的空气很干燥,L'air est très sec en hiver
敢,oser,我敢说法语,J'ose parler français
感冒,rhume,我昨天感冒了,J'ai attrapé un rhume hier
感情,sentiment,他们的感情很好,Leur relation est très bonne
干,faire,我今天要干很多工作,J'ai beaucoup de travail à faire aujourd'hui
高,haut,这座山很高,Cette montagne est très haute
高兴,content,我很高兴见到你,Je suis content de te voir
哥哥,grand frère,我哥哥在北京工作,Mon grand frère travaille à Pékin
各,chaque,各个学生都有一本书,Chaque étudiant a un livre
个,classificateur,这个苹果很甜,Cette pomme est très sucrée
个子,taille,他个子很高,Il est de grande taille
跟,avec,我想跟你一起去,Je veux y aller avec toi
根据,selon,根据天气预报，明天会下雨。,"Selon les prévisions météo, il va pleuvoir demain."
更,encore plus,这个问题更难。,Cette question est encore plus difficile.
公斤,kilogramme,这个箱子重二十公斤。,Cette boîte pèse vingt kilogrammes.
公里,kilomètre,学校离我家五公里。,L'école est à cinq kilomètres de chez moi.
公司,entreprise,我在一家大公司工作。,Je travaille dans une grande entreprise.
公园,parc,周末我们去公园散步。,"Le weekend, nous nous promenons dans le parc."
工具,outil,我需要一些工具来修理自行车。,J'ai besoin d'outils pour réparer mon vélo.
工作,travail,我很喜欢我的新工作。,J'aime beaucoup mon nouveau travail.
共同,commun,我们有共同的爱好。,Nous avons des intérêts communs.
狗,chien,他养了一只可爱的狗。,Il a un chien adorable.
够,suffisant,这些钱够买票了吗？,Est-ce que cet argent est suffisant pour acheter le billet ?
鼓励,encourager,老师总是鼓励学生。,Le professeur encourage toujours ses élèves.
鼓掌,applaudir,演出结束后观众都鼓掌了。,Le public a applaudi après le spectacle.
故事,histoire,妈妈给我讲了一个有趣的故事。,Ma mère m'a raconté une histoire intéressante.
故意,délibérément,他不是故意打破杯子的。,Il n'a pas cassé le verre délibérément.
挂,accrocher,请把衣服挂在衣架上。,"S'il te plaît, accroche les vêtements sur le cintre."
关,fermer,请关门。,Ferme la porte s'il te plaît.
关系,relation,他们的关系很好。,Leur relation est très bonne.
关心,se soucier,妈妈很关心我的健康。,Ma mère se soucie beaucoup de ma santé.
关于,à propos de,我想和你谈谈关于工作的事。,Je voudrais te parler à propos du travail.
管理,gérer,他管理这家公司。,Il gère cette entreprise.
光,lumière,房间里的光很亮。,La lumière dans la pièce est très claire.
广播,radio,我每天早上听广播。,J'écoute la radio tous les matins.
广告,publicité,这是一个新的电视广告。,C'est une nouvelle publicité télévisée.
逛,se promener,周末我喜欢逛商场。,J'aime me promener dans les centres commerciaux le weekend.
国家,pays,中国是一个大国家。,La Chine est un grand pays.
果然,en effet,他果然来了。,"En effet, il est venu."
果汁,jus de fruit,这杯果汁很新鲜。,Ce jus de fruit est très frais.
孩子,enfant,这个孩子很可爱。,Cet enfant est très mignon.
海洋,océan,海洋很深很蓝。,L'océan est profond et bleu.
害怕,avoir peur,我害怕黑暗。,J'ai peur du noir.
害羞,timide,她是个害羞的女孩。,C'est une fille timide.
寒假,vacances d'hiver,寒假我要回家。,Je vais rentrer chez moi pendant les vacances d'hiver.
汗,sueur,跑步后我流了很多汗。,J'ai beaucoup transpiré après la course.
航班,vol,我的航班明天早上起飞。,Mon vol décolle demain matin.
好,bon,这个电影很好看。,Ce film est très bon.
好吃,délicieux,这家餐厅的菜很好吃。,La nourriture dans ce restaurant est délicieuse.
好像,sembler,他好像生病了。,Il semble être malade.
号,numéro,今天是三号。,C'est le trois du mois.
喝,boire,我想喝杯咖啡。,Je veux boire une tasse de café.
和,et,我和我的朋友去公园。,Mon ami et moi allons au parc.
河,rivière,这条河很长。,Cette rivière est très longue.
合格,qualifié,他的考试成绩合格了。,Il a obtenu une note suffisante à l'examen.
合适,convenable,这件衣服很合适你。,Ce vêtement te convient bien.
盒子,boîte,请把礼物放在盒子里。,"S'il te plaît, mets le cadeau dans la boîte."
黑,noir,这件衣服是黑色的。,Ce vêtement est noir.
黑板,tableau noir,老师在黑板上写字。,Le professeur écrit sur le tableau noir.
很,très,这个电影很有趣。,Ce film est très intéressant.
猴子,singe,猴子喜欢吃香蕉。,Le singe aime manger des bananes.
厚,épais,这本书很厚。,Ce livre est très épais.
后悔,regretter,我后悔没听他的建议。,Je regrette de ne pas avoir suivi son conseil.
后来,plus tard,后来他成为了医生。,"Plus tard, il est devenu médecin."
后面,derrière,我的房间在后面。,Ma chambre est derrière.
忽然,soudainement,他忽然站了起来。,Il s'est levé soudainement.
互相,mutuellement,我们要互相帮助。,Nous devons nous aider mutuellement.
花,fleur,她在花园里种花。,Elle plante des fleurs dans le jardin.
花园,jardin,这个花园很漂亮。,Ce jardin est très beau.
画,peindre,她喜欢画画。,Elle aime peindre.
坏,mauvais,这个手机坏了。,Ce téléphone est cassé.
黄,jaune,她穿着黄色的裙子。,Elle porte une robe jaune.
回,retourner,他回家了。,Il est retourné à la maison.
回答,répondre,请回答这个问题。,Veuillez répondre à cette question.
会,pouvoir/savoir,我会说法语。,Je sais parler français.
火,feu,房子着火了。,La maison est en feu.
或者,ou,你想喝茶或者咖啡？,Tu veux du thé ou du café ?
机会,opportunité,这是一个好机会。,C'est une bonne opportunité.
几乎,presque,我几乎每天都运动。,Je fais presque du sport tous les jours.
极,extrême,这是极重要的事。,C'est une affaire d'une extrême importance.
极其,extrêmement,这个问题极其复杂。,Cette question est extrêmement complexe.
集合,rassembler,学生们在操场集合。,Les élèves se rassemblent dans la cour.
即使,même si,即使下雨我也要去。,J'irai même s'il pleut.
几,combien/quelques,你有几本书？,Combien de livres as-tu ?
寄,envoyer,我要寄一封信。,Je vais envoyer une lettre.
既然,puisque,既然你同意，我们就开始吧。,"Puisque tu es d'accord, commençons."
家,maison/famille,我的家在北京。,Ma maison est à Pékin.
家具,meubles,我们需要买新的家具。,Nous devons acheter de nouveaux meubles.
加班,faire des heures supplémentaires,今晚我要加班。,Je dois faire des heures supplémentaires ce soir.
加油站,station-service,前面有一个加油站。,Il y a une station-service devant.
假,faux,这个包是假的。,Ce sac est faux.
价格,prix,这个价格太高了。,Ce prix est trop élevé.
减肥,perdre du poids,她正在努力减肥。,Elle essaie de perdre du poids.
减少,réduire,我们必须减少浪费。,Nous devons réduire le gaspillage.
件,pièce,我买了三件衣服。,J'ai acheté trois pièces de vêtements.
健康,santé,健康比什么都重要。,La santé est plus importante que tout.
将来,avenir,将来我想当医生。,"À l'avenir, je veux devenir médecin."
降低,baisser,商店降低了价格。,Le magasin a baissé ses prix.
教,enseigner,她在学校教法语。,Elle enseigne le français à l'école.
交,remettre,请交作业。,Veuillez remettre vos devoirs.
交流,échanger,我们需要多交流。,Nous devons plus échanger.
交通,circulation,这里的交通很拥挤。,La circulation est très dense ici.
角,angle/coin/corne,这个房间的角里有一张桌子,Il y a une table dans le coin de cette pièce
脚,pied/jambe,我的脚很疼,Mon pied me fait mal
叫,appeler/crier,我叫玛丽,Je m'appelle Marie
教室,salle de classe,学生们在教室里学习,Les élèves étudient dans la salle de classe
教授,professeur,他是大学的教授,Il est professeur d'université
教育,éducation,教育对孩子很重要,L'éducation est importante pour les enfants
接,recevoir/prendre,请接这个包裹,Veuillez prendre ce colis
接受,accepter,我接受你的建议,J'accepte ton conseil
街道,rue,这条街道很安静,Cette rue est très calme
姐姐,grande sœur,我的姐姐在北京工作,Ma grande sœur travaille à Pékin
解决,résoudre,我们需要解决这个问题,Nous devons résoudre ce problème
借,emprunter/prêter,可以借我一支笔吗？,Peux-tu me prêter un stylo ?
今天,aujourd'hui,今天天气很好,Il fait beau aujourd'hui
尽管,bien que/malgré,尽管下雨我们也去,"Bien qu'il pleuve, nous y allons"
近,proche/près,我家离学校很近,Ma maison est proche de l'école
禁止,interdire,这里禁止吸烟。,Il est interdit de fumer ici.
精彩,brillant/magnifique,这场比赛真精彩！,Ce match était vraiment magnifique !
精神,esprit,她今天的精神很好。,Elle a le moral très bon aujourd'hui.
警察,policier,警察在路上巡逻。,Le policier patrouille dans la rue.
竟然,étonnamment,他竟然没来上课。,"Étonnamment, il n'est pas venu en cours."
究竟,enfin/au fond,你究竟想要什么？,Que veux-tu au fond ?
九,neuf,我九点上班。,Je commence le travail à neuf heures.
久,longtemps,我们很久没见了。,Cela fait longtemps qu'on ne s'est pas vus.
旧,vieux/ancien,这是我的旧手机。,C'est mon ancien téléphone.
就,juste/alors,我就来了。,J'arrive tout de suite.
距离,distance,学校距离这里很近。,L'école est à courte distance d'ici.
句子,phrase,这个句子很简单。,Cette phrase est très simple.
决定,décider,我决定明天去北京。,J'ai décidé d'aller à Pékin demain.
咖啡,café,我每天早上喝咖啡。,Je bois du café tous les matins.
开,ouvrir,请开窗户。,Veuillez ouvrir la fenêtre.
开始,commencer,我们什么时候开始上课？,Quand commençons-nous le cours ?
开玩笑,plaisanter,他只是在开玩笑，别当真。,"Il plaisante seulement, ne le prends pas au sérieux."
看,regarder/voir,我要看一本书。,Je vais lire un livre.
看法,point de vue,我对这件事有不同的看法。,J'ai un point de vue différent sur cette question.
棵,classificateur,院子里有三棵树。,Il y a trois arbres dans la cour.
科学,science,我最喜欢的科目是科学。,Ma matière préférée est la science.
咳嗽,tousser,他感冒了，一直在咳嗽。,Il est enrhumé et il tousse sans arrêt.
渴,avoir soif,跑步后我很渴。,J'ai très soif après avoir couru.
可怜,pitoyable,那只小猫很可怜。,Ce petit chat est pitoyable.
可能,possible,明天可能会下雨。,Il est possible qu'il pleuve demain.
可是,mais,我想去，可是没有时间。,"Je veux y aller, mais je n'ai pas le temps."
可惜,dommage,可惜我没看到这部电影。,C'est dommage que je n'aie pas vu ce film.
可以,pouvoir,你可以用我的笔。,Tu peux utiliser mon stylo.
刻,quart d'heure,现在是三点一刻。,Il est trois heures et quart.
客人,invité/client,今天有客人来访。,"Aujourd'hui, nous avons des invités."
肯定,certain/sûr,我肯定会准时到达。,Je serai certainement à l'heure.
空气,l'air,今天的空气很新鲜。,L'air est très frais aujourd'hui.
恐怕,je crains que/peut-être,恐怕我今天不能去。,Je crains que je ne puisse pas venir aujourd'hui.
口,bouche,这个家有三口人。,Cette famille compte trois personnes.
哭,pleurer,孩子为什么在哭？,Pourquoi l'enfant pleure-t-il?
苦,amer/pénible,这个咖啡太苦了。,Ce café est trop amer.
快,rapide/vite,请快一点，我们要迟到了。,"Dépêche-toi, nous allons être en retard."
筷子,baguettes,我需要一双筷子。,J'ai besoin d'une paire de baguettes.
困,fatigué/coincé,我今天很困。,Je suis très fatigué aujourd'hui.
拉,tirer,请拉开窗帘。,"Tirez les rideaux, s'il vous plaît."
垃圾桶,poubelle,垃圾桶在厨房里。,La poubelle est dans la cuisine.
辣,piquant/épicé,这个菜很辣。,Ce plat est très épicé.
来,venir,他明天来北京。,Il vient à Pékin demain.
来不及,ne pas avoir le temps,我来不及吃早饭。,Je n'ai pas le temps de prendre le petit-déjeuner.
来得及,avoir le temps,我们来得及赶火车。,Nous avons le temps d'attraper le train.
浪漫,romantique,这家餐厅很浪漫,Ce restaurant est très romantique
老,vieux,老王是我的好朋友,Le vieux Wang est mon bon ami
老虎,tigre,动物园里有一只老虎,Il y a un tigre dans le zoo
了,particule de fin,我吃饭了,J'ai mangé
累,fatigué,工作一天我很累,Je suis fatigué après une journée de travail
冷,froid,今天天气很冷,Il fait très froid aujourd'hui
冷静,calme,请保持冷静,Restez calme s'il vous plaît
离,quitter,我们离火车站很近,Nous sommes près de la gare
离开,partir,他明天要离开北京,Il va partir de Pékin demain
里,dans,钱包在包里,Le portefeuille est dans le sac
理解,comprendre,我完全理解你的意思,Je comprends parfaitement ce que tu veux dire
理想,idéal,这是我的理想工作,C'est mon travail idéal
礼貌,politesse,他是个很有礼貌的人,C'est une personne très polie
礼物,cadeau,这是给你的生日礼物,C'est un cadeau d'anniversaire pour toi
厉害,fort/redoutable,他的中文说得很厉害,Il parle très bien le chinois
力气,force,他没有力气搬这张桌子。,Il n'a pas la force de déplacer cette table.
例如,par exemple,很多水果很甜，例如草莓。,"Beaucoup de fruits sont sucrés, par exemple les fraises."
凉快,frais,夏天晚上很凉快。,Les soirées d'été sont très fraîches.
两,deux,我买了两本书。,J'ai acheté deux livres.
亮,brillant,今天太阳很亮。,Le soleil est très brillant aujourd'hui.
聊天,bavarder,我们每天晚上都在线聊天。,Nous bavardons en ligne tous les soirs.
了解,comprendre,我完全了解你的意思。,Je comprends parfaitement ce que tu veux dire.
零,zéro,温度降到零度以下。,La température est descendue en dessous de zéro.
另外,en plus,我要咖啡，另外请给我一杯水。,"Je veux un café, et en plus un verre d'eau s'il vous plaît."
留,laisser,请给我留个信息。,Laisse-moi un message s'il te plaît.
留学,étudier à l'étranger,他去法国留学了。,Il est parti étudier en France.
流泪,pleurer,这个电影让我流泪了。,Ce film m'a fait pleurer.
流利,couramment,她说法语说得很流利。,Elle parle couramment le français.
流行,populaire,这首歌在年轻人中很流行。,Cette chanson est populaire parmi les jeunes.
六,six,我有六个苹果。,J'ai six pommes.
楼,immeuble,这个楼有十层高。,Cet immeuble fait dix étages.
路,route,这条路通向学校。,Cette route mène à l'école.
乱,désordonné,我的房间很乱。,Ma chambre est désordonnée.
旅游,voyager,我喜欢去中国旅游。,J'aime voyager en Chine.
慢,lent,他走路很慢。,Il marche très lentement.
忙,occupé,对不起，我现在很忙。,"Désolé, je suis très occupé maintenant."
猫,chat,我家有一只黑猫。,J'ai un chat noir à la maison.
毛巾,serviette,请给我一条干净的毛巾。,"Donnez-moi une serviette propre, s'il vous plaît."
帽子,chapeau,她戴着一顶红帽子。,Elle porte un chapeau rouge.
没,ne pas avoir,我没有时间。,Je n'ai pas le temps.
没关系,ce n'est pas grave,我迟到了。-没关系。,Je suis en retard. -Ce n'est pas grave.
每,chaque,他每天都去跑步。,Il va courir chaque jour.
妹妹,petite sœur,我的妹妹今年十岁。,Ma petite sœur a dix ans cette année.
门,porte,请关上门。,"Ferme la porte, s'il te plaît."
梦,rêve,我昨晚做了一个好梦。,J'ai fait un beau rêve la nuit dernière.
米,riz/mètre,我需要买一袋米。,J'ai besoin d'acheter un sac de riz.
面包,pain,每天早上我都吃面包。,Je mange du pain tous les matins.
面条,nouilles,这家餐厅的面条很好吃。,Les nouilles de ce restaurant sont délicieuses.
民族,nationalité/ethnie,中国有很多民族。,La Chine a beaucoup d'ethnies.
明白,comprendre/clair,我完全明白你的意思。,Je comprends parfaitement ce que tu veux dire.
明天,demain,明天我们去公园。,Demain nous allons au parc.
名字,nom,请告诉我你的名字。,"Dis-moi ton nom, s'il te plaît."
目的,but/objectif,我来这里的目的是学习。,Mon but ici est d'étudier.
拿,prendre/tenir,请拿着这本书。,"Prends ce livre, s'il te plaît."
哪,quel/lequel,你喜欢哪个颜色？,Quelle couleur préfères-tu?
哪儿,où,你的书在哪儿？,Où est ton livre?
那,ce/cela/celui-là,那是我的房子。,C'est ma maison.
那儿,là-bas,我的车在那儿。,Ma voiture est là-bas.
奶奶,grand-mère,我的奶奶住在北京。,Ma grand-mère habite à Pékin.
耐心,patient/patience,学习语言要有耐心。,Il faut être patient pour apprendre une langue.
南,sud,我家在南边。,Ma maison est au sud.
男人,homme,那个男人是我的老师。,Cet homme est mon professeur.
呢,et,你呢？你想去哪里？,Et toi ? Où veux-tu aller ?
内,intérieur,请往里面走。,Veuillez entrer à l'intérieur.
内容,contenu,这本书的内容很有趣。,Le contenu de ce livre est très intéressant.
能,pouvoir,我能说法语。,Je peux parler français.
能力,capacité,他的学习能力很强。,Sa capacité d'apprentissage est très forte.
你,tu,你住在哪里？,Où habites-tu ?
年,année,今年是2024年。,Cette année est 2024.
您,vous,您好，请坐。,"Bonjour, veuillez vous asseoir."
牛奶,lait,我每天早上喝牛奶。,Je bois du lait tous les matins.
弄,faire,我不知道怎么弄。,Je ne sais pas comment faire.
努力,s'efforcer,他很努力地学习。,Il étudie avec beaucoup d'efforts.
暖和,chaud,今天天气很暖和。,Il fait chaud aujourd'hui.
女儿,fille,我的女儿今年五岁。,Ma fille a cinq ans cette année.
女人,femme,这个女人是我的老师。,Cette femme est mon professeur.
偶尔,parfois,我偶尔去电影院。,Je vais parfois au cinéma.
爬山,faire de la randonnée,周末我喜欢和朋友爬山。,J'aime faire de la randonnée avec mes amis le week-end.
排列,arrangement,请把这些书按字母排列。,Veuillez arranger ces livres par ordre alphabétique.
判断,juger,很难判断这是对还是错。,Il est difficile de juger si c'est vrai ou faux.
胖,gros,这只猫很胖但很可爱。,Ce chat est gros mais mignon.
跑步,courir,我每天早上跑步。,Je cours tous les matins.
陪,accompagner,我今天要陪妈妈去购物。,Je vais accompagner ma mère faire du shopping aujourd'hui.
朋友,ami,他是我最好的朋友。,C'est mon meilleur ami.
皮肤,peau,她的皮肤很好。,Elle a une belle peau.
啤酒,bière,他喜欢喝啤酒。,Il aime boire de la bière.
脾气,tempérament,她的脾气很好。,Elle a un bon tempérament.
便宜,bon marché,这件衣服很便宜。,Ce vêtement est bon marché.
票,billet,我买了两张电影票。,J'ai acheté deux billets de cinéma.
漂亮,beau/belle,这朵花很漂亮。,Cette fleur est belle.
苹果,pomme,这个苹果很甜,Cette pomme est très sucrée
瓶子,bouteille,请把瓶子放在桌子上,"S'il te plaît, pose la bouteille sur la table"
破,cassé,我的手机屏幕破了,L'écran de mon téléphone est cassé
葡萄,raisin,我喜欢吃紫色的葡萄,J'aime manger les raisins violets
普遍,général,这是一个普遍的现象,C'est un phénomène général
七,sept,我有七本书,J'ai sept livres
妻子,épouse,他的妻子是老师,Son épouse est professeur
其次,ensuite,首先学习，其次运动,"D'abord étudier, ensuite faire du sport"
其他,autre,其他的学生都来了,Les autres étudiants sont tous venus
其中,parmi,其中有三个是我的朋友,"Parmi eux, trois sont mes amis"
奇怪,étrange,这件事很奇怪,Cette chose est étrange
起床,se lever,我每天七点起床,Je me lève tous les jours à sept heures
起来,se lever,快点起来吧,Lève-toi vite
气候,climat,这里的气候很好,Le climat ici est très bon
千,mille,这本书要一千元,Ce livre coûte mille yuans
千万,dix millions; surtout,你千万别忘了带护照。,Surtout n'oublie pas ton passeport.
前面,devant; en avant,商店就在前面的路口。,Le magasin est au prochain carrefour.
敲,frapper; cogner,有人在敲门。,Quelqu'un frappe à la porte.
巧克力,chocolat,这个巧克力蛋糕很好吃。,Ce gâteau au chocolat est délicieux.
清楚,clair; net,我现在明白得很清楚了。,Je comprends très clairement maintenant.
晴,ensoleillé,今天天气很晴朗。,Il fait beau aujourd'hui.
情况,situation; circonstance,请告诉我具体情况。,Explique-moi la situation précise.
秋,automne,秋天是我最喜欢的季节。,L'automne est ma saison préférée.
区别,différence,这两种颜色没有太大区别。,Il n'y a pas beaucoup de différence entre ces deux couleurs.
取,prendre; retirer,我要去银行取钱。,Je vais retirer de l'argent à la banque.
去,aller,我想去法国旅游。,Je veux aller voyager en France.
去年,l'année dernière,去年我在巴黎学习。,"L'année dernière, j'ai étudié à Paris."
全部,tout; entier,我把作业全部做完了。,J'ai terminé tous mes devoirs.
缺点,défaut; inconvénient,每个人都有缺点。,Tout le monde a des défauts.
缺少,manquer; faire défaut,我们缺少一些重要信息。,Il nous manque quelques informations importantes.
却,cependant,他很累却还在工作,Il est fatigué mais continue quand même à travailler
群,groupe,一群鸟飞过天空,Un groupe d'oiseaux vole dans le ciel
裙子,jupe,这条裙子很漂亮,Cette jupe est très belle
然而,pourtant,天气很冷，然而他没穿外套,"Il fait froid, pourtant il ne porte pas de manteau"
然后,ensuite,我先吃饭，然后去上课,"Je mange d'abord, ensuite je vais en cours"
人,personne,房间里有三个人,Il y a trois personnes dans la pièce
任何,n'importe quel,你可以选择任何一本书,Tu peux choisir n'importe quel livre
仍然,encore,虽然下雨了，他仍然去跑步,"Même s'il pleut, il va encore courir"
日,jour,今日天气很好,Le temps est beau aujourd'hui
容易,facile,这个题目很容易,Cet exercice est très facile
如果,si,如果明天下雨，我就在家,"Si il pleut demain, je reste à la maison"
入口,entrée,商场的入口在这里,L'entrée du centre commercial est ici
三,trois,我有三本书,J'ai trois livres
散步,se promener,我每天晚上去散步,Je me promène tous les soirs
森林,forêt,这片森林很大,Cette forêt est très grande
商店,magasin,这个商店卖衣服很便宜,Ce magasin vend des vêtements pas chers
商量,discuter,我们需要商量一下这件事,Nous devons discuter de cette affaire
上,sur,书在桌子上,Le livre est sur la table
上班,aller au travail,我每天八点上班,Je vais au travail à huit heures tous les jours
上网,surfer sur Internet,他喜欢在家上网,Il aime surfer sur Internet à la maison
上午,matin,上午我去买菜,"Le matin, je vais faire les courses"
稍微,un peu,这个题目稍微难一点,Cet exercice est un peu difficile
少,peu,我的钱太少了,J'ai trop peu d'argent
社会,société,我们生活在一个现代社会,Nous vivons dans une société moderne
深,profond,这个湖很深,Ce lac est très profond
身体,corps,要注意保护身体,Il faut prendre soin de son corps
什么,quoi,你想吃什么？,Que veux-tu manger ?
甚至,même,他很忙，甚至没时间吃饭,"Il est très occupé, même pas le temps de manger"
生病,tomber malade,她昨天生病了,Elle est tombée malade hier
生活,vie,在北京生活很贵,La vie est chère à Pékin
生命,la vie,生命是宝贵的。,La vie est précieuse.
生气,être fâché,请不要生气。,"S'il vous plaît, ne soyez pas fâché."
生日,anniversaire,明天是我的生日。,C'est mon anniversaire demain.
声音,"voix, son",你的声音很好听。,Ta voix est très belle.
省,économiser,我们要省钱。,Nous devons économiser de l'argent.
剩,rester,还剩五个苹果。,Il reste cinq pommes.
失望,déçu,他对结果很失望。,Il est déçu du résultat.
十,dix,我有十本书。,J'ai dix livres.
十分,très,这个电影十分有趣。,Ce film est très intéressant.
食品,aliments,超市卖很多食品。,Le supermarché vend beaucoup d'aliments.
使,"faire, utiliser",他使我很开心。,Il me rend heureux.
使用,utiliser,我会使用这个软件。,Je sais utiliser ce logiciel.
是,être,她是老师。,Elle est professeur.
适合,convenir,这件衣服很适合你。,Ce vêtement te convient bien.
世界,monde,这是一个美丽的世界。,C'est un beau monde.
事情,affaire,这件事情很重要,Cette affaire est très importante
收,recevoir,我收到了你的信,J'ai reçu ta lettre
收入,revenu,他的月收入很高,Son revenu mensuel est élevé
收拾,ranger,请帮我收拾房间,Aide-moi à ranger la chambre
手表,montre,这是一个漂亮的手表,C'est une belle montre
手机,téléphone portable,我的手机没电了,Mon téléphone portable n'a plus de batterie
首都,capitale,北京是中国的首都,Pékin est la capitale de la Chine
首先,d'abord,首先我们要学习法语,"D'abord, nous devons étudier le français"
瘦,maigre,她变得很瘦,Elle est devenue très maigre
受不了,insupportable,我受不了这个噪音,Je ne supporte pas ce bruit
受到,recevoir,他受到了表扬,Il a reçu des compliments
舒服,confortable,这张沙发很舒服,Ce canapé est très confortable
叔叔,oncle,我的叔叔住在巴黎,Mon oncle habite à Paris
熟悉,familier,我很熟悉这个地方,Je suis très familier avec cet endroit
数量,quantité,商品的数量不够,La quantité de marchandises n'est pas suffisante
数学,mathématiques,我喜欢学习数学,J'aime étudier les mathématiques
数字,chiffre,请输入六位数字,Veuillez saisir six chiffres
双,paire,我买了一双新鞋,J'ai acheté une paire de nouvelles chaussures
水,eau,我每天喝八杯水,Je bois huit verres d'eau par jour
水果,fruit,她最爱吃水果,Elle adore manger des fruits
水平,niveau,他的中文水平很高,Son niveau de chinois est très élevé
司机,chauffeur,我爸爸是出租车司机,Mon père est chauffeur de taxi
死,mourir,这条路死胡同,Cette rue est une impasse
四,quatre,我家在四楼,J'habite au quatrième étage
送,offrir,我要送她一本书,Je veux lui offrir un livre
速度,vitesse,这辆车速度很快,Cette voiture va très vite
塑料袋,sac plastique,请给我一个塑料袋,"Donnez-moi un sac plastique, s'il vous plaît"
酸,acide,这个柠檬很酸,Ce citron est très acide
算,calculer,让我算一下价格,Laissez-moi calculer le prix
虽然,bien que,虽然很累，我还要工作,"Bien que je sois fatigué, je dois continuer à travailler"
随便,comme on veut,你随便选一个吧。,Choisis celui que tu veux.
随着,avec,随着时间的推移，他的中文越来越好。,"Avec le temps, son chinois s'améliore."
所以,donc,他病了，所以没来上课。,"Il était malade, donc il n'est pas venu en cours."
所有,tout,所有的学生都来了。,Tous les étudiants sont venus.
他,il,他是我的朋友。,Il est mon ami.
她,elle,她在图书馆学习。,Elle étudie à la bibliothèque.
它,il/elle (pour chose),它是一只可爱的猫。,C'est un chat mignon.
台,comptoir/scène,这台电脑很贵。,Cet ordinateur est très cher.
抬,soulever,请帮我抬一下这张桌子。,Aide-moi à soulever cette table.
太,trop,这个房间太小了。,Cette pièce est trop petite.
太阳,soleil,今天太阳很大。,Le soleil est fort aujourd'hui.
趟,fois/voyage,我去过北京三趟。,Je suis allé trois fois à Pékin.
糖,sucre,这个茶太苦了，需要加糖。,"Ce thé est trop amer, il faut ajouter du sucre."
特别,particulièrement,这个菜特别好吃。,Ce plat est particulièrement délicieux.
特点,caractéristique,中国菜的特点是很多样。,La caractéristique de la cuisine chinoise est sa diversité.
踢足球,jouer au football,我每个周末都去踢足球,Je joue au football tous les weekends
提高,augmenter,我们需要提高工作效率,Nous devons augmenter notre efficacité au travail
提供,fournir,饭店提供免费早餐,L'hôtel fournit le petit-déjeuner gratuit
提前,à l'avance,他提前到了机场,Il est arrivé à l'aéroport à l'avance
提醒,rappeler,请提醒我买牛奶,Rappelle-moi d'acheter du lait
体育,sport,我的孩子很喜欢体育课,Mon enfant aime beaucoup les cours de sport
天气,temps,今天天气很好,Il fait beau aujourd'hui
甜,sucré,这个蛋糕太甜了,Ce gâteau est trop sucré
填空,remplir les blancs,学生们正在填空练习,Les étudiants font un exercice à trous
条,article,这条裤子很合适,Ce pantalon me va bien
条件,condition,工作条件很好,Les conditions de travail sont bonnes
跳舞,danser,她喜欢跳舞,Elle aime danser
听,écouter,我在听音乐,J'écoute de la musique
停止,arrêter,雨停止了,La pluie s'est arrêtée
通知,informer,老师通知我们明天考试,Le professeur nous a informés que l'examen est demain
同情,compassion,我很同情他的处境。,J'ai de la compassion pour sa situation.
同事,collègue,他是我的新同事。,C'est mon nouveau collègue.
同学,camarade de classe,她是我的高中同学。,C'est ma camarade de classe du lycée.
同意,être d'accord,我同意你的想法。,Je suis d'accord avec ton idée.
突然,soudain,他突然站了起来。,Il s'est levé soudainement.
推,pousser,请推门进来。,Poussez la porte pour entrer.
脱,enlever,请脱鞋进屋。,Veuillez enlever vos chaussures avant d'entrer.
袜子,chaussettes,这双袜子很舒服。,Ces chaussettes sont très confortables.
外,dehors,外面下雨了。,Il pleut dehors.
玩,jouer,孩子们在公园玩。,Les enfants jouent dans le parc.
完,terminé,作业做完了。,Les devoirs sont terminés.
完成,accomplir,我完成了这个任务。,J'ai accompli cette tâche.
完全,complètement,我完全明白了。,J'ai complètement compris.
碗,bol,这个碗很漂亮。,Ce bol est très joli.
晚上,soir,晚上我们去看电影。,"Ce soir, nous allons voir un film."
万,dix mille,这座城市有十万人口。,Cette ville a cent mille habitants.
往,vers/aller vers,他往学校走去。,Il va vers l'école.
往往,souvent,他往往迟到。,Il arrive souvent en retard.
网球,tennis,我每周打网球。,Je joue au tennis chaque semaine.
网站,site web,这个网站很有用。,Ce site web est très utile.
喂,allô,喂，你好吗？,"Allô, comment vas-tu?"
位,personne (classificateur),这位老师很好。,Ce professeur est très bon.
味道,goût/saveur,这个菜的味道很好。,Le goût de ce plat est excellent.
文化,culture,中国文化很有趣。,La culture chinoise est très intéressante.
文章,article/texte,这篇文章写得很好。,Cet article est bien écrit.
我,je/moi,我是学生。,Je suis étudiant.
握手,serrer la main,他们友好地握手。,Ils se serrent la main amicalement.
无,sans/ne pas avoir,这里无人。,Il n'y a personne ici.
无聊,ennuyeux,这部电影很无聊。,Ce film est très ennuyeux.
五,cinq,我有五本书。,J'ai cinq livres.
西,ouest,我家在西边。,Ma maison est à l'ouest.
西瓜,pastèque,夏天吃西瓜很爽。,C'est agréable de manger de la pastèque en été.
希望,espérer,我希望明天是晴天。,J'espère qu'il fera beau demain.
吸引,attirer,这本书很吸引人。,Ce livre est très attirant.
洗,laver,我要洗衣服。,Je dois laver les vêtements.
洗衣机,machine à laver,我买了新洗衣机。,J'ai acheté une nouvelle machine à laver.
洗澡,prendre une douche,我每天早上洗澡。,Je prends une douche tous les matins.
夏,été,夏天很热。,L'été fait très chaud.
下,bas,请往下看。,"Regardez en bas, s'il vous plaît."
下午,après-midi,下午我去看电影。,Je vais voir un film cet après-midi.
下雨,pleuvoir,今天下雨了。,Il pleut aujourd'hui.
先,d'abord,让我先想想。,Laisse-moi d'abord réfléchir.
先生,monsieur,王先生是我的老师。,Monsieur Wang est mon professeur.
咸,salé,这个汤太咸了。,Cette soupe est trop salée.
羡慕,envier,我很羡慕你的工作。,J'envie ton travail.
限制,limiter,政府限制了进口商品的数量。,Le gouvernement a limité la quantité de produits importés.
香,parfumé,这些花真香。,Ces fleurs sont vraiment parfumées.
香蕉,banane,我每天早上吃一根香蕉。,Je mange une banane chaque matin.
相反,contraire,他的想法和我的相反。,Son idée est contraire à la mienne.
相同,identique,这两本书的内容是相同的。,Le contenu de ces deux livres est identique.
相信,croire,我相信你会成功的。,Je crois que tu vas réussir.
响,sonner,电话响了三次。,Le téléphone a sonné trois fois.
想,penser,我想去旅游。,Je pense partir en voyage.
向,vers,他向学校走去。,Il marche vers l'école.
像,ressembler,他很像他的父亲。,Il ressemble beaucoup à son père.
消息,nouvelle,我收到了一个好消息。,J'ai reçu une bonne nouvelle.
小,petit,这是一个小房间。,C'est une petite chambre.
小姐,mademoiselle,王小姐是我的老师。,Mademoiselle Wang est mon professeur.
小心,faire attention,过马路要小心。,Il faut faire attention en traversant la rue.
笑,rire,这个笑话让大家都笑了。,Cette blague a fait rire tout le monde.
效果,effet,这个新药的效果很好,L'effet de ce nouveau médicament est très bon
些,quelques,我买了些水果,J'ai acheté quelques fruits
鞋,chaussures,这双鞋很舒服,Ces chaussures sont très confortables
写,écrire,我正在写一封信,Je suis en train d'écrire une lettre
新,nouveau,这是一家新餐厅,C'est un nouveau restaurant
辛苦,pénible,这份工作很辛苦,Ce travail est très pénible
心情,humeur,今天我的心情很好,Je suis de bonne humeur aujourd'hui
信,lettre,我收到了一封信,J'ai reçu une lettre
信任,faire confiance,我完全信任你,Je te fais entièrement confiance
信心,confiance,他对未来充满信心,Il a confiance en l'avenir
信用卡,carte de crédit,我用信用卡付款,Je paie avec ma carte de crédit
星期,semaine,下星期我去北京,"La semaine prochaine, je vais à Pékin"
行,aller,这样做行不行？,Est-ce que ça va si on fait comme ça ?
行李箱,valise,我的行李箱很重,Ma valise est très lourde
醒,se réveiller,我每天七点醒,Je me réveille tous les jours à sept heures
姓,nom de famille,我姓王，你呢？,"Mon nom de famille est Wang, et vous ?"
性别,sexe,请在表格上填写你的性别。,Veuillez indiquer votre sexe sur le formulaire.
性格,caractère,她的性格很开朗。,Elle a un caractère très enjoué.
幸福,bonheur,他们是一个幸福的家庭。,Ils sont une famille heureuse.
兴趣,intérêt,我对音乐很有兴趣。,Je suis très intéressé par la musique.
熊猫,panda,熊猫是中国的国宝。,Le panda est un trésor national chinois.
修,réparer,我需要修一下我的自行车。,J'ai besoin de réparer mon vélo.
休息,se reposer,工作了一天后要好好休息。,Il faut bien se reposer après une journée de travail.
需要,avoir besoin,我需要买些食物。,J'ai besoin d'acheter de la nourriture.
学生,étudiant,教室里有很多学生。,Il y a beaucoup d'étudiants dans la classe.
学校,école,我的学校在市中心。,Mon école est au centre-ville.
雪,neige,今天下雪了。,Il neige aujourd'hui.
血,sang,他的血型是A型。,Son groupe sanguin est A.
研究生,étudiant en master,他是一名医学研究生。,Il est étudiant en master de médecine.
演出,spectacle,今晚有一场精彩的演出。,Il y a un magnifique spectacle ce soir.
眼睛,les yeux,他的眼睛很漂亮。,Ses yeux sont beaux.
阳光,le soleil,今天阳光很好。,Le soleil est beau aujourd'hui.
羊肉,le mouton,这个餐厅的羊肉很好吃。,Le mouton dans ce restaurant est délicieux.
养成,développer,要养成好习惯。,Il faut développer de bonnes habitudes.
要求,demander,老师要求我们做作业。,Le professeur nous demande de faire nos devoirs.
要,vouloir,我要去商店。,Je veux aller au magasin.
也,aussi,我也喜欢看电影。,J'aime aussi regarder des films.
叶子,la feuille,树上的叶子是绿色的。,Les feuilles sur l'arbre sont vertes.
一,un,我有一本书。,J'ai un livre.
衣服,les vêtements,这件衣服很漂亮。,Ces vêtements sont beaux.
医生,le médecin,医生说我需要休息。,Le médecin dit que j'ai besoin de repos.
医院,l'hôpital,医院在街道的尽头。,L'hôpital est au bout de la rue.
一定,certainement,我一定会来。,Je viendrai certainement.
一共,au total,这些书一共多少钱？,Combien coûtent ces livres au total?
一会儿,un moment,请等一会儿。,"Attendez un moment, s'il vous plaît."
一切,tout,一切都会好起来的,Tout ira bien
以,avec/par,以这种方式学习很有效,Apprendre de cette façon est très efficace
以后,après/désormais,从现在以后我要好好学习,"À partir de maintenant, je vais bien étudier"
以前,avant/autrefois,他以前住在巴黎,Il habitait à Paris avant
椅子,chaise,这把椅子很舒服,Cette chaise est très confortable
一般,ordinaire/général,这家餐厅的菜一般,La cuisine de ce restaurant est ordinaire
一起,ensemble,我们一起去看电影吧,Allons au cinéma ensemble
一直,toujours/sans cesse,他一直在学习法语,Il étudie toujours le français
意思,sens/signification,这个词的意思是什么？,Quelle est la signification de ce mot ?
阴,nuageux/sombre,今天天气很阴,Le temps est nuageux aujourd'hui
因此,donc/par conséquent,他生病了，因此没来上课,"Il était malade, donc il n'est pas venu en cours"
引起,provoquer/causer,这个新闻引起了很多关注,Cette nouvelle a provoqué beaucoup d'attention
印象,impression,这个城市给我留下了深刻的印象,Cette ville m'a laissé une forte impression
影响,influence/effet,熬夜会影响健康,Le manque de sommeil affecte la santé
硬,dur/ferme,这张床太硬了,Ce lit est trop dur
勇敢,courageux/brave,他是一个勇敢的消防员。,C'est un pompier courageux.
用,utiliser,我用筷子吃饭。,Je mange avec des baguettes.
幽默,humoristique,这个老师很幽默。,Ce professeur est très humoristique.
由,par/de,这本书是由他写的。,Ce livre est écrit par lui.
由于,en raison de,由于下雨，我们取消了野餐。,"En raison de la pluie, nous avons annulé le pique-nique."
尤其,particulièrement,我喜欢水果，尤其是苹果。,"J'aime les fruits, particulièrement les pommes."
游泳,nager,周末我喜欢去游泳。,J'aime aller nager le weekend.
有,avoir/il y a,桌子上有一本书。,Il y a un livre sur la table.
有名,célèbre,这家餐厅很有名。,Ce restaurant est très célèbre.
有趣,intéressant,这个故事很有趣。,Cette histoire est très intéressante.
友好,amical,他们是友好的邻居。,Ce sont des voisins amicaux.
又,encore/aussi,他又迟到了。,Il est encore en retard.
愉快,joyeux/agréable,祝你度过愉快的一天。,Je te souhaite une agréable journée.
于是,donc/alors,天气很好，于是我们去公园。,"Il fait beau, donc nous allons au parc."
与,avec/et,我与我的朋友去购物。,Je vais faire les courses avec mon ami.
羽毛球,badminton,我每周都打羽毛球,Je joue au badminton chaque semaine
遇到,rencontrer,我在街上遇到了我的老师,J'ai rencontré mon professeur dans la rue
元,yuan,这本书二十元,Ce livre coûte vingt yuans
原来,à l'origine,原来他是医生,"À l'origine, il était médecin"
原因,raison,请告诉我迟到的原因,Dis-moi la raison de ton retard
愿意,vouloir bien,我愿意帮助你,Je veux bien t'aider
越,de plus en plus,他跑得越来越快,Il court de plus en plus vite
月,mois/lune,下个月我去北京,"Le mois prochain, je vais à Pékin"
月亮,lune,今晚的月亮很圆,La lune est très ronde ce soir
云,nuage,天上有白云,Il y a des nuages blancs dans le ciel
在,être à/dans,他在学校,Il est à l'école
再,encore,请再说一遍,Répète encore une fois s'il te plaît
早上,matin,早上好！,Bonjour! (le matin)
怎么,comment,你怎么去学校？,Comment vas-tu à l'école?
增加,augmenter,工资增加了,Le salaire a augmenté
窄,étroit,这条路太窄了，车子过不去。,"Cette route est trop étroite, la voiture ne peut pas passer."
站,station/se tenir debout,请在这里站一会儿。,Veuillez vous tenir debout ici un moment.
丈夫,mari,我丈夫在医院工作。,Mon mari travaille à l'hôpital.
招聘,recruter,这家公司正在招聘新员工。,Cette entreprise recrute de nouveaux employés.
着急,s'inquiéter,别着急，我们还有时间。,"Ne t'inquiète pas, nous avons encore du temps."
找,chercher,我在找我的钥匙。,Je cherche mes clés.
照片,photo,这张照片拍得很好。,Cette photo est très bien prise.
照相机,appareil photo,我买了一个新的照相机。,J'ai acheté un nouvel appareil photo.
着,en train de,他正在看书。,Il est en train de lire.
真,vraiment,这个故事真有趣。,Cette histoire est vraiment intéressante.
真正,véritable,这是真正的中国茶。,C'est du véritable thé chinois.
整理,ranger,我需要整理我的房间。,J'ai besoin de ranger ma chambre.
正常,normal,一切都很正常。,Tout est normal.
正好,justement,我正好有时间。,J'ai justement du temps.
正确,correct,你的答案是正确的。,Ta réponse est correcte.
正式,officiel,这是一个正式的会议,C'est une réunion officielle
正在,être en train de,他正在看书,Il est en train de lire
之,de (littéraire),天之骄子,L'enfant prodige du ciel
只,classificateur d'animaux,一只鸟,Un oiseau
支持,soutenir,我支持你的决定,Je soutiens ta décision
知道,savoir,我知道这个答案,Je connais la réponse
直接,direct,请直接告诉我,Dis-le-moi directement
植物,plante,这是一种罕见的植物,C'est une plante rare
指,pointer,他指着黑板,Il pointe vers le tableau
只,seulement,我只有一本书,J'ai seulement un livre
只好,être obligé de,我只好同意,Je suis obligé d'accepter
只要,tant que,只要你努力就能成功,Tu réussiras tant que tu fais des efforts
至少,au moins,至少还有三天,Il reste au moins trois jours
制造,fabriquer,这个工厂制造手机,Cette usine fabrique des téléphones
中国,Chine,我来自中国,Je viens de Chine
中文,le chinois,我正在学习中文。,J'apprends le chinois.
中午,midi,中午我们一起吃饭。,Nous déjeunons ensemble à midi.
种,semer/planter,他在花园里种了很多花。,Il a planté beaucoup de fleurs dans le jardin.
重点,point essentiel,这是考试的重点。,C'est le point essentiel de l'examen.
重要,important,这个会议很重要。,Cette réunion est très importante.
周末,week-end,周末我想去公园。,Je veux aller au parc ce week-end.
猪,cochon,农场里有很多猪。,Il y a beaucoup de cochons dans la ferme.
主要,principal,这是主要问题。,C'est le problème principal.
主意,idée,我有一个好主意。,J'ai une bonne idée.
住,habiter,我住在巴黎。,J'habite à Paris.
祝,souhaiter,祝你生日快乐！,Je te souhaite un joyeux anniversaire !
著名,célèbre,这是一个著名的作家。,C'est un écrivain célèbre.
注意,faire attention,请注意安全。,Faites attention à la sécurité.
撞,heurter,车撞到了树上。,La voiture a heurté l'arbre.
准确,précis,这个答案很准确。,Cette réponse est très précise.
桌子,table,这张桌子很漂亮。,Cette table est très belle.
字,caractère,我不认识这个字。,Je ne connais pas ce caractère.
字典,dictionnaire,我需要一本字典。,J'ai besoin d'un dictionnaire.
自己,soi-même,我喜欢自己做饭。,J'aime cuisiner moi-même.
自然,nature,这是自然现象。,C'est un phénomène naturel.
走,marcher,我们一起走回家。,Nous rentrons à pied ensemble.
租,louer,我想租一套公寓。,Je veux louer un appartement.
嘴,bouche,他的嘴在笑。,Sa bouche sourit.
最,le plus,这是最好的选择。,C'est le meilleur choix.
最好,meilleur,你最好现在出发。,Tu ferais mieux de partir maintenant.
最后,final,这是最后一次机会。,C'est la dernière chance.
最近,récemment,你最近怎么样？,Comment vas-tu récemment ?
尊重,respecter,我们要互相尊重。,Nous devons nous respecter mutuellement.
昨天,hier,昨天我去了商店。,"Hier, je suis allé au magasin."
坐,s'asseoir,请坐在这里。,Veuillez vous asseoir ici.
做,faire,我每天都要做作业。,Je dois faire mes devoirs tous les jours.
做生意,faire des affaires,我的父母在中国做生意。,Mes parents font des affaires en Chine.
座,siège,这个公园有很多石座。,Ce parc a beaucoup de sièges en pierre.
座位,place assise,这趟火车上没有空座位了。,Il n'y a plus de places assises dans ce train.
作用,"effet, fonction",运动对健康有好的作用。,L'exercice a un bon effet sur la santé.
作者,auteur,这本书的作者是法国人。,L'auteur de ce livre est français.
