german_word,english_translation,german_sentence,english_sentence
nach,"to, after, according to",Ich fahre morgen nach Hamburg.,I'm going to Hamburg tomorrow.
"der Nachbar, -n",neighbours,Unsere neuen Nachbarn sind sehr nett.,Our new neighbors are very nice.
nachdem,after,"Nachdem wir gegessen hatten, sind wir spazieren gegangen.","After we had eaten, we went for a walk."
"nachdenken, denkt nach, dachte nach, hat nachgedacht",to reflect,"Ich weiß nicht, was ich machen soll. - Ich muss nachdenken.",I do not know what to do. - I have to think.
nachher,later,Ich rufe nachher noch mal an.,I'll call you later.
"nachholen, holt nach, holte nach, hat nachgeholt",catch up,Ich möchte gerne meine Familie nach Deutschland nachholen.,I would like to bring my family to Germany.
"die Nachricht, -en",news,Ich habe eine gute Nachricht für Sie. - Sie haben die Prüfung bestanden.,I have good news for you. - You passed the exam.
"nachschlagen, schlägt nach, schlug nach, hat nachgeschlagen",to look up,Ich kenne das Wort nicht. Das musst du im Wörterbuch nachschlagen.,I do not know the word. You have to look up that in the dictionary.
"die Nachspeise, -n",dessert,Was möchten Sie als Nachspeise?,What do you want as a dessert?
"der Nachteil, -e",disadvantage,Einen Nachteil hat die Wohnung. Sie liegt nicht zentral.,A disadvantage has the apartment. It is not central.
"der Nachtisch, -e",dessert,Was gibt es zum Nachtisch?,What is there for dessert?
"die Nadel, -n",needle,Hast du eine Nadel für mich? - Ich muss einen Knopf annähen.,Do you have a needle for me? - I have to sew a button.
"der Nagel, -""",nail,Kannst du mir den Nagel in die Wand schlagen?,Can you beat the nail in the wall?
nah(e),near,"Wie weit ist es zum Bahnhof? - Das ist ganz nah, nur zwei Minuten von hier.","How far is it to the railway station? - That's very close, only two minutes from here."
die Nähe (Sg.),"near, proximity, vicinity",Die Post ist ganz in der Nähe.,The post office is very close.
nächst,next,Wo ist hier die nächste Apotheke?,Where is the nearest pharmacy?
"nähen, näht, nähte, hat genäht",to sew,Meine Mutter näht ihre Kleider selbst.,My mother sews her own clothes.
naja,well,"Tut mir leid, wir haben schon geschlossen. - Naja, da kann man nichts machen.","I'm sorry, we have already closed. - Well, there is nothing to do about it."
"der Name, -n",name,Wie ist Ihr Name?,What's your name?
"der Familienname, -n",family name,Ludin ist mein Familienname.,Ludin is my family name.
"der Mädchenname, -n",maiden name,Wie ist Ihr Mädchenname?,What's your maiden name?
"der Vorname, -n",first name,Mein Vorname ist Thomas.,My first name is Thomas.
nämlich,namely,Ich muss leider gehen. Ich habe nämlich noch einen Termin beim Zahnarzt.,"Unfortunately, I have to go. I still have an appointment with the dentist."
"die Nase, -n",nose,Haben Sie Nasentropfen? Ich bin sehr erkältet.,Do you have nose drops? I am very cold.
nass,wet,Es hat schrecklich geregnet. Ich bin ganz nass geworden.,It was raining terribly. I got wet all over.
"die Natur, -en",nature,Ich bin gern draußen in der Natur.,I like being outdoors in nature.
natürlich,naturally,Natürlich helfen wir dir.,Of course we will help you.
der Nebel (Sg.),fog,Wegen Nebels konnten wir gestern nicht in Frankfurt landen.,Because of fog we could not land yesterday in Frankfurt.
neblig,foggy,Fahr vorsichtig! Es ist neblig.,Drive carefully! It is foggy.
neben,next to,Neben mir ist noch ein Platz frei.,Next to me is still a place free.
nebenan,next door,"Das ist José, er wohnt nebenan.","This is José, he lives next door."
nebenbei,at the same time,Mein Freund studiert Geschichte. Und nebenbei arbeitet er in einer Kneipe.,"My friend is studying history. And by the way, he works in a pub."
"der Neffe, -n",nephew,Mein Neffe studiert Medizin.,My nephew is studying medicine.
negativ,negative,Du solltest nicht alles negativ sehen.,You should not see everything negative.
"nehmen, nimmt, nahm, hat genommen",to take,Was möchten Sie? - Ich nehme einen Salat.,What do you wish? - I'll take a salad.
nein,no,"Noch ein Bier? - Nein, danke.",One more beer? - No thanks.
"nennen, nennt, nannte, hat genannt","to name, call","Mein Freund heißt Alexander, aber alle nennen ihn Alex.","My friend's name is Alexander, but everyone calls him Alex."
"der Nerv, -en",nerve,Mach bitte das Radio aus. Die Musik geht mir auf die Nerven.,"Turn off the radio, please. The music gets on my nerves."
nervös,nervous,Das Warten macht mich ganz nervös.,The wait makes me very nervous.
nett,nice,Die Leute sind hier sehr nett.,The people are very nice here.
netto,"net, after tax",Mein Bruder verdient netto 1.200 Euro.,"My brother earns 1,200 euros net."
neu,new,Mein Wagen ist noch ganz neu.,My car is still brand new.
neugierig,curious,Die Nachbarn sind ziemlich neugierig.,The neighbors are pretty curious.
neulich,"recently, the other day","Stell dir vor, ich habe neulich unseren Lehrer gesehen.",Imagine seeing the teacher the other day.
nicht,"not, don't","Zigarette? - Danke, ich rauche nicht.","Cigarette? - Thanks, I do not smoke."
"die Nichte, -n",niece,Die Tasche ist ein Geschenk von meiner Nichte.,The bag is a gift from my niece.
"der Nichtraucher, -",non-smoker,In unserer Familie sind alle Nichtraucher.,In our family are all non-smokers.
nichts,nothing,Ich habe noch nichts gegessen.,I have not eaten anything yet.
nie,never,Der Chef ist nie da.,The boss is never there.
niedrig,low,Die Räume hier sind mir zu niedrig.,The rooms here are too low for me.
niemand,no one,Ich habe geklingelt. Aber es war niemand zu Hause.,I rang the bell. But nobody was at home.
nirgends,nowhere,Ich kann die Quittung nirgends finden.,I can not find the receipt anywhere.
nirgendwo,nowhere,Die Schlüssel kann ich nirgendwo finden.,I can not find the keys anywhere.
noch,"still, yet",Mein Bruder geht noch zur Schule. / Ich habe nur noch 20 Euro.,My brother is still at school. / I only have 20 euros left.
nochmal,again,Vielen Dank nochmal.,Thanks again.
nochmals,again,Nochmals vielen Dank!,Thanks again!
normal,normal,Fehler zu machen ist doch ganz normal.,Making mistakes is quite normal.
normalerweise,normally,Wann haben Sie normalerweise Pause?,When do you usually have a break?
der Norden/Nord/Nord (Sg.),north,Der Wind kommt von Norden.,The wind comes from the north.
nördlich,northern,Mein Dorf liegt nördlich von Köln.,My village is north of Cologne.
"die Not, -""e","distress, need",Die Menschen im Katastrophengebiet leiden große Not.,The people in the disaster area are in great need.
"die Notaufnahme, -en",casualty department,Die Notaufnahme ist gleich hier links.,The emergency room is right here.
"der Notausgang, -""e",emergency exit,Der Notausgang ist gleich hier bei der Treppe.,The emergency exit is right here by the stairs.
"der Notfall, -""e",emergency,Wir haben einen Notfall. Bitte schicken Sie einen Krankenwagen.,We have an emergency. Please send an ambulance.
"der Notruf, -e",emergency call,Der Notruf hat die Nummer 110.,The emergency number is 110.
notwendig,important,"Muss ich nochmal wiederkommen? - Nein, das ist nicht notwendig.","Do I have to come back again? - No, that's not necessary."
"die Note, -n",marks,Eva hat immer sehr gute Noten in Mathematik.,Eva always has very good marks in mathematics.
notieren,note,Ich habe mir den Termin notiert.,I have noted the appointment.
"die Notiz, -en",note,Ich habe Ihnen eine Notiz geschrieben.,I wrote you a note.
nötig,necessary,"Wenn es nötig ist, nehmen Sie noch eine Tablette.","If necessary, take another tablet."
"die Nudel, -n",noodle,Möchten Sie Nudeln oder Reis? - Lieber Nudeln.,Would you like noodles or rice? - Dear pasta.
"die Nummer, -n",number,Ich habe mich in der Hausnummer geirrt.,I was wrong in the house number.
nun,now,"Schade, dass du arbeiten musst. - Das ist nun mal so.",Too bad that you have to work. - That's how it is.
nur,"just, only",Im Kaufhaus gibt's T- Shirts für nur fünf Euro.,"In the department store, there are T-shirts for only five euros."
"nutzen, nutzt, nutzte, hat genutzt",to be of use,Nutzen Sie unser Angebot.,Take advantage of our offer.
"nützen, nützt, nützte, hat genützt",to use,Ich habe jeden Tag eine Tablette genommen. Aber es hat nichts genützt.,I took one tablet every day. But it did not help.
nützlich,useful,Danke für den Tipp. Das war sehr nützlich.,Thanks for the tip. That was very useful.
ob,whether,"Ich weiß noch nicht, ob ich kommen kann.",I do not know yet if I can come.
oben,"above, upstairs",Wir wohnen oben im 4. Stock.,We live upstairs on the 4th floor.
ober-,top,Die Wohnung im oberen Stockwerk ist vermietet.,The apartment on the upper floor is rented.
das Obst (Sg.),fruit,Obst kaufe ich am liebsten auf dem Markt.,I like to buy fruit in the market.
obwohl,although,"Obwohl meine Kollegin krank ist, geht sie arbeiten.","Although my colleague is ill, she goes to work."
oder,or,Möchten Sie Kaffee oder Tee?,Do you want coffee or tea?
"der Ofen, -""",oven,Ich habe gerade eine Pizza gemacht. Sie ist ganz frisch aus dem Ofen.,I just made a pizza. She is fresh from the oven.
offen,open,Komm rein. Die Haustür ist offen.,Come in. The front door is open.
öffentlich,public,In der Stadt fahre ich immer mit öffentlichen Verkehrsmitteln.,In the city I always drive by public transport.
offiziell,official,Sie bekommen von uns eine offizielle Einladung.,You will receive an official invitation from us.
"öffnen, öffnet, öffnete, hat geöffnet",to open,Wann öffnen die Geschäfte?,When do the shops open?
oft/öfter,often,Ich treffe mich oft mit meiner Freundin.,I often meet with my girlfriend.
"das Obergeschoss, -e","upstairs, upper floor",Hosen finden Sie im Obergeschoss.,Pants can be found upstairs.
ohne,without,Bitte eine Pizza ohne Zwiebeln.,Please a pizza without onions.
"das Ohr, -en",ear,Ich habe Ohrenschmerzen.,My ears hurt.
okay,ok,"Kannst du mich um 8 Uhr vom Bahnhof abholen? - Okay, mach´ ich.",Can you pick me up from the train station at 8 o'clock? - Okay I'll do.
Öko- (ökologisch),ecologically,"z. B. Ökoladen, Ökostrom, ökologischer Anbau","z. B. Eco stores, green electricity, organic farming"
"das Öl, -e",oil,Es fehlt Öl am Salat.,It lacks oil on the salad.
"die Oma, -s",grandma,Meine Oma ist achtzig Jahre alt geworden.,My grandma was eighty years old.
"der Onkel, -",uncle,Nächste Woche fahre ich zu meinem Onkel nach Berlin.,Next week I'm going to my uncle's in Berlin.
online,online,Ich kaufe jetzt viele Sachen online. Das ist oft billiger.,I buy many things online now. That's often cheaper.
"der Opa, -s",granddad,Mein Opa heißt Hans.,My grandfather's name is Hans.
"die Oper, -n",opera,Ich mag Opern.,I like operas.
"operieren, operiert, operierte, hat operiert",to operate,Wir müssen das Knie sofort operieren.,We have to operate the knee immediately.
"die Operation, -en",operation,Seit der Operation kann ich mein Knie nicht mehr bewegen.,I can not move my knee since the operation.
"das Opfer, -",victim,Bei der Schiffskatastrophe gab es viele Opfer.,There were many casualties during the ship disaster.
optimistisch,optimistic,"Glaubst du, dass du den Job bekommst? - Ja, ich bin ganz optimistisch.","Do you think you will get the job? - Yes, I am quite optimistic."
"die Orange, -n",orange,Ich esse gern Orangen.,I like to eat oranges.
"das Orchester, -",orchestra,Auf unserer Hochzeit hat ein kleines Orchester gespielt.,At our wedding has played a small orchestra.
ordentlich,"decent, respectable, tidy, neat",Mein Bruder ist ein sehr ordentlicher Mensch.,My brother is a very decent person.
"ordnen, ordnet, ordnete, hat geordnet","to order, put in order",Letztes Wochenende habe ich meine Papiere geordnet.,Last weekend I arranged my papers.
"der Ordner, -",folder,Für meine Übungen im Deutschkurs habe ich mir einen Ordner gekauft.,I bought a folder for my exercises in the German course.
"die Ordnung, -en","order, tidiness",Mach mal etwas Ordnung in deinem Zimmer!,Make some order in your room!
"organisieren, organisiert, organisierte, hat organisiert",to organise,Für den nächsten Sommerurlaub habe ich schon alles organisiert.,I already organized everything for the next summer vacation.
"die Organisation, -en",organisation,Wer macht bei Ihnen die Organisation?,Who is doing the organization for you?
"das Original, -e",original,Das Original ist für Sie. - Wir bekommen die Kopie.,The original is for you. - We get the copy.
"der Ort, -e",place,Vergessen Sie Ort und Datum nicht.,Do not forget place and date.
"der Vorort, -e",suburbs,Mein Bruder wohnt in einem Vorort von Hamburg.,My brother lives in a suburb of Hamburg.
"der Wohnort, -e",domicile,Tragen Sie bitte auch Ihren Wohnort ein.,Please enter your place of residence as well.
örtlich,locally,Die Nummer finden Sie im örtlichen Telefonbuch.,The number can be found in the local telephone directory.
der Osten/Ost/Ost (Sg.),east,Das Zimmer geht nach Osten.,The room faces east.
ein paar,a few,Ich komme gleich. Es dauert nur ein paar Minuten.,I'll be right back. It only takes a few minutes.
"das Paar, -e",couple,Ina und Pedro sind ein Paar.,Ina and Pedro are a couple.
"das Päckchen, -",parcel,Meine Tante hat mir ein Päckchen geschickt.,My aunt sent me a packet.
"packen, packt, packte, hat gepackt",to pack,Ich muss noch meinen Koffer packen.,I still have to pack my suitcase.
"das Paket, -e","packet, parcel",Hast du das Paket zur Post gebracht?,Did you bring the parcel to the post office?
"die Panne, -n",breakdown,Kurz vor München hatten wir eine Panne mit dem Auto.,Shortly before Munich we had a car breakdown.
"der Papa, -s",father,Heute holt dich der Papa von der Schule ab.,"Today, Dad picks you up from school."
"das Papier, -e",paper,Hast du ein Blatt Papier für mich?,Do you have a piece of paper for me?
parallel,parallel,Die Goethestraße ist parallel zur Hauptstraße.,Goethestraße is parallel to the main street.
"das Parfüm, -s",perfume,Zum Geburtstag habe ich von meinem Mann ein Parfüm bekommen.,"For my birthday, I got a perfume from my husband."
"der Park, -s",park,Ich gehe gern im Park spazieren.,I like to go for a walk in the park.
"parken, parkt, parkte, hat geparkt",to park,Hier dürfen Sie nicht parken.,You are not allowed to park here.
"das Parkhaus, -""er",car park,Am besten fahren wir gleich ins Parkhaus.,The best way we go straight to the parking garage.
"der Parkplatz, -""e",parking spot,Um diese Uhrzeit finden wir sicher keinen Parkplatz.,We certainly will not find a parking space at this time.
"die Parkuhr, -en",parking meter,Für die Parkuhr brauchst du Kleingeld.,For the parking meter you need change.
"der Partner, -",partner,Wir haben das Geschäft zusammen. Wir sind Partner.,We have the business together. We are partners.
"die Party, -s",party,Letzte Woche war ich auf einer Geburtstagsparty.,Last week I was at a birthday party.
"der Pass, -""e",passport,Ich muss meinen Pass verlängern lassen.,I have to renew my passport.
"der Passagier, -e",passenger,Die Passagiere Schulz und Kaufmann sollen bitte zur Information kommen.,The passengers Schulz and Kaufmann should come for information please.
"passen, passt, passte, hat gepasst",to fit,Der Pullover passt mir nicht mehr.,The sweater does not suit me anymore.
"passieren, passiert, passierte, ist passiert",to happen,Entschuldigung! - Kein Problem. Es ist nichts passiert.,Excuse me! - No problem. Nothing happened.
passiv,passive,"Man sollte im Kurs nicht passiv sein, sondern mitdiskutieren.","You should not be passive in the class, but participate in discussion."
"der Patient, -en",patient,Ich bin Patientin bei Dr. Hausner. Kann ich einen Termin haben?,I am a patient with Dr. med. Hausner. Can I have an appointment?
"die Pause, -n","break, pause",Wir machen zehn Minuten Pause.,We're taking a break for ten minutes.
das Pech (Sg.),bad luck,Es regnet. Unser Picknick fällt leider aus. - So ein Pech!,It's raining. Unfortunately our picnic is canceled. - Bad luck!
"die Pension, -en",pension (small hotel),Im Urlaub haben wir in einer kleinen Pension gewohnt.,On vacation we lived in a small pension.
pensioniert,retired,Mein Nachbar ist seit drei Jahren pensioniert.,My neighbor has been retired for three years.
per,"by, per",Wie kann ich mich für den Kurs anmelden? - Per Fax oder E-Mail.,How can I register for the course? - By fax or e-mail.
perfekt,perfect,Die Reiseorganisation war perfekt.,The travel organization was perfect.
"die Person, -en",person,Eintritt pro Person: 2 Euro.,Admission per person: 2 euros.
persönlich,personal,Hier gibt es zu viele Autos. Das ist meine persönliche Meinung.,There are too many cars here. This is my personal opinion.
das Personal (Sg.),personnel,Dieser Eingang ist nur für das Personal.,This entrance is only for the staff.
"der Pfeffer, -",pepper,Bringen Sie uns bitte Pfeffer und Salz.,Please bring us pepper and salt.
"das Pferd, -e",horse,Meine Tochter wünscht sich ein Pferd.,My daughter wants a horse.
"die Pflanze, -n",plant,"Wenn wir im Urlaub sind, gießt die Nachbarin unsere Pflanzen.","When we are on vacation, the neighbor pours our plants."
"das Pflaster, -",plaster,Hast du ein Pflaster? Ich habe mich geschnitten.,Do you have a plaster? I cut myself.
"die Pflaume, -n",plum,Ich esse gern Pflaumen und noch lieber Pflaumenkuchen.,I like to eat plums and plum cake.
"pflegen, pflegt, pflegte, hat gepflegt","to look after, nurse, foster",Meine Mutter ist sehr krank.,My mother is very ill.
"der Pfleger, -","carer, nurse, orderly",Meine Freundin hat eine Stelle als Altenpflegerin gefunden.,My girlfriend has found a job as a geriatric nurse.
"die Pflegeversicherung, -en",care insurance,Für die Pflegeversicherung muss ich jeden Monat Beiträge zahlen.,For the care insurance I have to pay contributions every month.
"die Pflicht, -en","duty, compulsory",Als Autofahrer müssen Sie eine Versicherung haben. Das ist Pflicht.,"As a car driver, you must have insurance. That's a requirement."
"die Phantasie, -n (Fantasie)",phantasy,Mein Sohn malt sehr gut. Er hat viel Phantasie.,My son paints very well. He has a lot of imagination.
"die Philosophie, -n",philosophy,Meine Kinder haben in der Schule einmal in der Woche Philosophieunterricht.,My children have philosophy lessons once a week at school.
die Physik (Sg.),physics,Mein Schwiegersohn studiert Physik.,My son-in-law is studying physics.
"das Picknick, -s",picnic,Am Sonntag machen wir ein Picknick.,On Sunday we have a picnic.
"die Pille, -n",pill,Der Arzt hat mir neue Pillen verschrieben.,The doctor has prescribed new pills for me.
"der Pilz, -e",mushroom,Haben Sie frische Pilze?,Do you have fresh mushrooms?
"der PKW, -s (Personenkraftwagen)",car,Das Parkhaus ist nur für PKWs.,The parking garage is only for cars.
"planen, plant, plante, hat geplant",to plan,"Wir haben geplant, diesmal im Urlaub nach Österreich zu fahren.",We have planned to go to Austria this time on vacation.
"der Plan, -""e","plan, map","Was macht ihr im Sommer? Ich weiß noch nicht, wir haben noch keine Pläne.","What are you doing in summer? I do not know yet, we do not have any plans yet."
das Plastik (Sg.),plastic,Was für ein Spielzeug möchten Sie? Aus Plastik oder aus Holz?,What kind of toy do you want? Made of plastic or wood?
"der Platz, -""e","place, square",In unserer Wohnung haben wir nicht genug Platz.,In our apartment we do not have enough space.
plötzlich,suddenly,Es war zuerst so schön. Plötzlich hat es angefangen zu regnen.,It was so nice at first. Suddenly it started to rain.
die Politik (Sg.),politics,Ich interessiere mich nicht für Politik.,I am not interested in politics.
"der Politiker, -",politician,"Weißt du, wie dieser Politiker heißt?",Do you know what this politician is called?
politisch,political,Ich diskutiere mit meinem Schwiegervater oft über politische Probleme.,I often discuss political issues with my father-in-law.
"die Polizei, -en",police,Mein Bruder ist bei der Polizei.,My brother is with the police.
"der Polizist, -en",policeman,Die Ampel war kaputt. Ein Polizist hat den Verkehr geregelt.,The traffic light was broken. A policeman has regulated the traffic.
die Pommes frites (Pl.),french fries,Die Kinder essen gern Würstchen mit Pommes frites.,The children like to eat sausages with French fries.
"die Portion, -en",portion,"Bitte, eine Portion Sahne!","Please, a portion of cream!"
positiv,positive,Wir haben eine positive Nachricht für Sie. Sie bekommen die Stelle.,We have a positive message for you. They get the job.
die Post (Sg.),post,Meine Frau arbeitet bei der Post.,My wife works at the post office.
"das Postfach, -""er",post box,Du musst den Brief an das Postfach schicken.,You have to send the letter to the post office.
"die Postkarte, -n",postcard,Ich schicke dir aus dem Urlaub eine Postkarte.,I'll send you a postcard from vacation.
"die Postleitzahl, -en",postcode,Weißt du die Postleitzahl von Berlin-Wedding?,Do you know the postcode of Berlin-Wedding?
"das Praktikum, die Praktika","practical training, internship",Ich mache diesen Sommer drei Monate ein Praktikum bei einer Firma.,I'm doing an internship at a company for three months this summer.
"der Praktikant, -en","trainee, intern",Bei dieser Firma habe ich zwei Jahre als Praktikant gearbeitet.,I worked as a trainee for two years with this company.
praktisch,practical,Ich finde diese Küchenmaschine sehr praktisch.,I find this food processor very convenient.
präsentieren,to present,Präsentieren Sie Ihre Ergebnisse bitte im Kurs.,Please present your results in the course.
"die Praxis, -en",practice,Die Praxis bleibt bis zum 7. Januar geschlossen.,The practice will be closed until the 7th of January.
"der Preis, -e",price,Die Preise sind schon wieder gestiegen.,The prices have risen again.
preiswert,"inexpensive, cheap",Die Jacke ist sehr preiswert.,The jacket is very cheap.
prima,greay,Mit meinem Bruder verstehe ich mich prima.,I get along great with my brother.
privat,private,Hier meine Nummer im Büro und meine Privatnummer.,Here is my number in the office and my private number.
pro,per,Eintritt pro Person: zwei Euro.,Admission per person: two euros.
"probieren, probiert, probierte, hat probiert",to try,Haben Sie dieses Mittel schon einmal probiert?,Have you ever tried this remedy?
"das Problem, -e",problem,José spricht nicht gern über seine Probleme.,José does not like to talk about his problems.
"produzieren, produziert, produzierte, hat produziert",to produce,Unsere Firma produziert Feuerzeuge.,Our company produces lighters.
"das Produkt, -e",product,Unsere Produkte haben eine hohe Qualität.,Our products have a high quality.
"die Produktion, -en",production,Mein Onkel arbeitet in der Autoproduktion.,My uncle works in car production.
"der Professor, -en",professor,Unsere Nachbarin ist Professorin an der Universität.,Our neighbor is a professor at the university.
"der Profi, -s",professional,Keine Angst. Mein Bruder kann die Heizung bestimmt reparieren. Er ist doch Profi.,No fear. My brother can fix the heater for sure. He is a professional.
"das Programm, -e",programme,Hast du schon ins Fernsehprogramm geguckt? Gibt es heute einen schönen Film?,Have you already watched the TV program? Is there a nice movie today?
"das Projekt, -e",project,Der Staat fördert dieses neue Umweltprojekt.,The state is promoting this new environmental project.
"der Prospekt, -e","leaflet, brochure",Diese Prospekte bekommen Sie in jedem Reisebüro.,These brochures are available in every travel agency.
Prost,cheers,Wir trinken auf Ihre Gesundheit! Prost!,We drink to your health! Bottom up!
"protestieren, protestiert, protestierte, hat protestiert",to protest,Wir protestieren gegen die langen Arbeitszeiten.,We protest against the long working hours.
"der Protest, -e",protest,Alle Proteste haben nichts genützt.,All protests did not help.
"der Prozess, -e","trial, case, process",Mein Nachbar hat den Prozess verloren.,My neighbor has lost the process.
"prüfen, prüft, prüfte, hat geprüft","to check, examine","Bitte prüfen Sie sofort, ob die Rechnung stimmt.",Please check immediately if the bill is correct.
"die Prüfung, -en","exam, test",Mein Freund hat die Prüfung bestanden.,My friend passed the exam.
das Publikum (Sg.),public,Es war ein tolles Konzert. Das Publikum war begeistert.,It was a great concert. The audience was excited.
"der Pullover, -","jumper, pullover",Ich habe mir einen Pullover gekauft.,I bought a sweater.
"der Punkt, -e",point,Das Konzert beginnt um Punkt 20 Uhr.,The concert starts at 8 pm.
pünktlich,"on time, punctual",Seien Sie bitte pünktlich.,Please be punctual.
"die Puppe, -n",doll,Unsere kleine Tochter bekommt zum Geburtstag eine Puppe.,Our little daughter gets a doll for her birthday.
"putzen, putzt, putzte, hat geputzt",to clean,Ich muss heute noch die Wohnung putzen.,I have to clean the apartment today.
"die Qualifikation, -en",qualification,Für diese Arbeit haben Sie nicht die richtige Qualifikation.,You do not have the right qualifications for this job.
"die Qualität, -en",quality,"Für mich ist nicht nur der Preis wichtig, sondern auch die Qualität.","For me, not only the price is important, but also the quality."
der Quark (Sg.),"quark, curd cheese",Zum Frühstück esse ich gerne Quark mit Früchten.,For breakfast I like to eat quark with fruit.
"das Quartal, -e",quarter,Für dieses Quartal müssen Sie wieder die Praxisgebühr bezahlen.,For this quarter you have to pay the practice fee again.
der Quatsch (Sg.),nonsense,"Was du da redest, ist Quatsch! Die Ampel war grün, nicht rot.","What you are talking about is nonsense! The traffic light was green, not red."
quer,"crossways, diagonally",Ich muss zu meiner Arbeit quer durch die ganze Stadt fahren.,I have to go to my work across the city.
"die Querstraße, -n",crossroad,Meine Schwester wohnt in einer Querstraße zur Bahnhofstraße.,My sister lives in a cross street to the station street.
"die Quittung, -en",receipt,Brauchen Sie eine Quittung?,Do you need a receipt?
"der Rabatt, -e",discount,Sie bekommen zehn Prozent Rabatt.,You get a ten percent discount.
"das Rad, -""er","wheel, bike",Ich fahre jeden Morgen mit dem Rad zur Arbeit.,I cycle to work every morning.
"Rad fahren, fährt Rad, fuhr Rad, ist Rad gefahren",to go biking,Am Sonntag fahren wir oft Rad.,On Sunday we often cycle.
"der Radfahrer, -",cyclist,Achtung! Da kommt ein Radfahrer.,Attention! Here comes a cyclist.
"das Radio, -s",radio,Ich möchte mir ein neues Radio kaufen.,I want to buy a new radio.
"der Rand, -""er",edge,Wir wohnen am Stadtrand.,We live on the outskirts.
"rasieren, rasiert, rasierte, hat rasiert",to shave,Ich komme gleich. Ich muss mich nur noch schnell rasieren.,I'll be right back. I just have to shave fast.
"raten, rät, riet, hat geraten","to guess, to advise",Ich möchte billig Urlaub machen.,I want to go on a cheap holiday.
der Rat (Sg.),advice,Was soll ich machen? Können Sie mir einen Rat geben?,What should I do? Can you give me an advice?
"der Ratschlag, -""e",piece of advice,Meine Tochter nimmt meine Ratschläge nicht an.,My daughter does not accept my advice.
"das Rathaus, -""er",town hall,Hier links sehen Sie das Rathaus.,Here you see the town hall on the left.
"rauchen, raucht, rauchte, hat geraucht",to smoke,Hier ist Rauchen verboten!,Here smoking is prohibited!
"der Raucher, -",smoker,Gibt es hier ein Raucherzimmer?,Is there a smoking room here?
"der Raum, -""e",room,Zur Anmeldung gehen Sie bitte in Raum 19.,"To register, please go to room 19."
"reagieren, reagiert, reagierte, hat reagiert",to react,"Ich habe dem Vermieter geschrieben, aber er hat noch nicht reagiert.","I wrote to the landlord, but he has not responded yet."
"die Reaktion, -en",reaction,Diese Reaktion ist typisch für ihn.,This reaction is typical for him.
"die Realität, -en",reality,Das gefällt dir nicht? Aber das ist die Realität.,You do not like that? But that is the reality.
realistisch,realistic,"Ich glaube nicht, dass du für das Auto noch so viel Geld bekommst. Das ist nicht realistisch.",I do not think you'll ever get that much money for the car. That is not realistic.
"rechnen, rechnet, rechnete, hat gerechnet","to calculate, estimate, reckon",Meine Tochter kann gut rechnen.,My daughter can count well.
"der Rechner, -",calculator,Mein Rechner ist kaputt.,My computer is broken.
"die Rechnung, -en",bill,"Bitte, die Rechnung!",Please enter the bill!
"das Recht, -e",right,Nach deutschem Recht darf man Kinder nicht schlagen.,According to German law you can not beat children.
rechtlich,legally,Wir beraten Sie in rechtlichen Fragen.,We advise you in legal matters.
"der Rechtsanwalt, -""e",Lawyer,Ich will mit meinem Rechtsanwalt sprechen.,I want to talk to my lawyer.
recht,right,"Ist es Ihnen recht, wenn ich morgen vorbeikomme?",Do you agree if I come by tomorrow?
rechts,to the right,An der nächsten Kreuzung müssen Sie rechts abbiegen.,At the next junction you have to turn right.
recht-,right,Ich habe mir den rechten Arm gebrochen.,I broke my right arm.
rechtzeitig,on time,Bitte weck mich rechtzeitig. Ich muss pünktlich sein.,Please wake me up in time. I have to be on time.
"reden, redet, redete, hat geredet","to talk, speak",Worüber habt ihr gestern geredet?,What did you talk about yesterday?
"die Rede, -n","speech, talk",Der Präsident hat eine Rede gehalten.,The president gave a speech.
"reduzieren, reduziert, reduzierte, hat reduziert",to reduce,Wir haben jetzt unsere Preise reduziert.,We have now reduced our prices.
"die Reform, -en",reform,Die Regierung plant für nächstes Jahr eine Steuerreform.,The government is planning a tax reform for next year.
"das Regal, -e",shelf,Das Buch steht im Regal oben rechts.,The book is on the shelf top right.
"die Regel, -n",rule,Meine Tochter lernt in der Schule gerade die Verkehrsregeln.,My daughter is currently studying traffic rules at school.
regelmäßig,regularly,Sie müssen die Tabletten regelmäßig nehmen.,You have to take the tablets regularly.
"regeln, regelt, regelte, hat geregelt","to regulate, control",Die Ampel ist kaputt. Ein Polizist regelt den Verkehr.,The traffic light is broken. A policeman regulates the traffic.
"regnen, es regnet, es regnete, es hat geregnet",to rain,Es hat gestern den ganzen Tag geregnet.,It rained all day yesterday.
"der Regen, -",rain,Bei Regen fällt das Konzert aus.,"When it rains, the concert is canceled."
"die Region, -en",region,In der Rhein- Main-Region sind die Mieten sehr hoch.,Rents are very high in the Rhine-Main region.
regional,regional,Du kannst mit einer Regionalbahn fahren. Das ist billiger.,You can go by regional train. That's cheaper.
reich,rich,Der Onkel von meinem Freund ist reich.,Uncle of my friend is rich.
"reichen, reicht, reichte, hat gereicht","to be enough/ sufficient, reach",Ich nehme nur eine Suppe. Das reicht mir.,I just take a soup. That's enough for me.
reif,ripe,Die Banane kannst du nicht essen.,You can not eat the banana.
"der Reifen, -",tyre,Ihr Wagen braucht neue Reifen.,Your car needs new tires.
"die Reihe, -n",row,Ich habe Karten für das Konzert.,I have tickets for the concert.
rein,"pure, clear",Der Pullover ist aus reiner Wolle.,The sweater is made of pure wool.
"reinigen, reinigt, reinigte, hat gereinigt",to clean,Ich möchte diesen Anzug reinigen lassen.,I want to have this suit cleaned.
"die Reinigung, -en",cleaning,Kannst du bitte die Bluse in die Reinigung bringen?,Can you please bring the blouse to the cleaners?
der Reis (Sg.),rice,"Eine Portion Huhn mit Reis, bitte.","A serving of chicken with rice, please."
"reisen, reist, reiste, ist gereist",to travel,Ich reise gern.,I like to travel.
"die Reise, -n","journey, voyage",Wir haben eine Reise nach Österreich gebucht.,We booked a trip to Austria.
"das Reisebüro, -s",travel agency,Wir haben die Reise im Reisebüro gebucht.,We booked the trip in the travel agency.
"reiten, reitet, ritt, ist geritten",to ride,Meine Tochter möchte gerne reiten lernen.,My daughter would like to learn to ride.
"der Rekord, -e",record,Es gibt einen neuen Weltrekord im Schwimmen.,There is a new world record in swimming.
relativ,relative,"Die Wohnung ist relativ groß, aber sehr teuer.","The apartment is relatively large, but very expensive."
"rennen, rennt, rannte, ist gerannt",to run,"Ich bin sehr schnell gerannt, aber der Bus war schon weg.","I ran very fast, but the bus was already gone."
"renovieren, renoviert, renovierte, hat renoviert",renovate,Wir müssen die Wohnung zuerst renovieren.,We have to renovate the apartment first.
"die Rente, -n",pension,Mein Kollege bekommt eine Rente von 1000 Euro.,My colleague gets a pension of 1000 Euro.
"der Rentner, -",pensioner,Mein Großvater arbeitet nicht mehr. Er ist Rentner.,My grandfather is not working anymore. He is a pensioner.
"reparieren, repariert, reparierte, hat repariert",to repair,Das Fahrrad kann man leider nicht mehr reparieren.,"Unfortunately, you can not repair the bike anymore."
"die Reparatur, -en",repair,Eine Reparatur wäre zu teuer.,A repair would be too expensive.
"reservieren, reserviert, reservierte, hat reserviert",to reserve,Dieser Tisch ist reserviert.,This table is reserved.
"die Reservierung, -en",reservation,Was kostet eine Reservierung?,How much is a reservation?
"der Rest, -e",rest,Hier sind 100 Euro. Den Rest gebe ich dir später.,Here are 100 euros. I'll give you the rest later.
"das Restaurant, -s",restaurant,Wir essen heute im Restaurant.,We eat in the restaurant today.
"retten, rettet, rettete, hat gerettet",to rescue,Der Arzt konnte das Kind noch retten.,The doctor could still save the child.
"das Rezept, -e",recipe,Diese Tabletten gibt es nur auf Rezept.,These tablets are only available by prescription.
"die Rezeption, -en",reception,Geben Sie bitte den Schlüssel an der Rezeption ab.,Please leave the key at the reception.
"der Rhythmus, die Rhythmen",rhythm,Die Musik hat einen guten Rhythmus.,The music has a good rhythm.
"der Richter, -",judge,Der Richter hat noch kein Urteil gesprochen.,The judge has not yet pronounced a verdict.
richtig,right,"Was Sie da sagen, ist richtig.",What you say is right.
"die Richtung, -en",direction,Der Zug in Richtung Köln hat Verspätung.,The train in the direction of Cologne is delayed.
"riechen, riecht, roch, hat gerochen",to smell,Dieses Parfüm riecht sehr gut.,This perfume smells very good.
riesig,enormous,Die Stadt ist riesig.,The city is huge.
"das Rind, -er","ox, cow, beef",Ich esse nur Fleisch vom Rind.,I only eat beef meat.
"der Ring, -e",ring,Ich habe meinen Ring verloren.,I lost my ring.
"das Risiko, die Risiken",risk,Ich nehme keinen Kredit auf. Das Risiko ist mir zu hoch.,I do not take credit. The risk is too high for me.
"der Rock, -""e",skirt,Diese Bluse passt nicht zu meinem Rock.,This blouse does not match my skirt.
roh,raw,Du kannst das nicht essen. Das Fleisch ist noch roh.,You can not eat that. The meat is still raw.
"der Roman, -e",novel,Ich lese gern Romane.,I like to read novels.
"die Rose, -n",rose,Meiner Mutter schenke ich zum Geburtstag Rosen.,I give my mother roses for my birthday.
rot,red,Die rote Bluse steht dir gut.,The red blouse suits you.
"die Rückfahrt, -en",return journey,Auf der Rückfahrt besuche ich meine Eltern.,On the way back I visit my parents.
die Rückkehr (Sg.),return,Nach meiner Rückkehr haben wir ein großes Fest gefeiert.,After my return we celebrated a big party.
"der Rücken, -",back,Ich habe Rückenschmerzen.,I have backache.
rücken,move,Könnten Sie bitte ein Stück rücken? Dann kann ich auch sitzen.,Could you please move a piece? Then I can sit too.
"der Rucksack, -""e",rucksack,Ich brauche nicht viel. Ich nehme nur meinen Rucksack mit.,I do not need much. I just take my backpack with me.
"die Rücksicht, -en",consideration,Nehmen Sie bitte Rücksicht auf die anderen Gäste.,Please take care of the other guests.
rückwärts,backwards,Ich bin rückwärts aus der Garage gefahren.,I drove backwards out of the garage.
"rufen, ruft, rief, hat gerufen",to call,"Ich habe die Kinder gerufen, aber sie haben mich nicht gehört.","I called the children, but they did not hear me."
die Ruhe (Sg.),"rest, peace, quiet","Ruhe, bitte!",Silence Please!
ruhig,quiet,Ich suche ein ruhiges Zimmer.,I am looking for a quiet room.
"rühren, rührt, rührte, hat gerührt",stir,Die Suppe musst du gut umrühren.,You have to stir the soup well.
rund,"round, around",Wir haben für unser Wohnzimmer einen runden Tisch gekauft.,We bought a round table for our living room.
der Rundfunk (Sg.),broadcast,Er zahlt keine Rundfunkgebühren.,He pays no broadcasting fees.
"der Saal, die Säle","hall, room",Für unsere Familienfeier haben wir einen kleinen Saal gemietet.,For our family celebration we rented a small hall.
"die Sache, -n","thing, affair",Wir haben unsere Sachen im Hotel gelassen.,We left our things in the hotel.
"der Sack, -""e",sack,Ich hätte gern einen Sack Kartoffeln.,I would like to have a sack of potatoes.
"der Saft, -""e",''jui''''ce,Haben Sie vielleicht einen Saft?,Do you have a juice?
"sagen, sagt, sagte, hat gesagt",to say,Entschuldigung! Was haben Sie gesagt?,Excuse me! What did you say?
die Sahne (Sg.),cream,Ich hätte gern ein Eis mit Sahne.,I would like an ice cream with cream.
"die Saison, -s",season,Urlaub in der Hauptsaison ist immer teurer.,Holiday in the main season is always more expensive.
"der Salon, -s",salon,Sie arbeitet in einem Friseursalon.,She works in a hairdressing salon.
"der Salat, -e",salad,Möchten Sie zum Fisch einen Salat?,Would you like to salad with a fish?
"die Salbe, -n",ointment,Diese Salbe gibt es nur auf Rezept.,This ointment is only available by prescription.
"das Salz, -e",salt,Gib mir bitte mal das Salz!,"Give me the salt, please!"
"sammeln, sammelt, sammelte, hat gesammelt",to collect,Mein Bruder sammelt Briefmarken.,My brother collects stamps.
sämtlich,all,Bringen Sie bitte sämtliche Unterlagen mit.,Please bring all documents with you.
"der Sand, -e",sand,Die Kinder spielen gern im Sand.,The kids like to play in the sand.
"der Sänger, -",singer,Wie findest du diesen Sänger? - Ich finde seine Stimme toll.,How do you like this singer? - I think his voice is great.
satt,full,"Möchten Sie noch etwas? - Nein danke, ich bin satt.","Do you want anything else? - No, thank you. I'm full."
"der Satz, -""e",sentence,Den letzten Satz verstehe ich nicht.,I do not understand the last sentence.
sauber,clean,Bringen Sie mir bitte ein sauberes Glas!,Bring me a clean glass please!
sauer,sour,Die Äpfel sind mir zu sauer.,The apples are too sour for me.
"die Schachtel, -n","box, bag",Ich hätte gern eine Schachtel Zigaretten.,I would like a box of cigarettes.
schade,"a pity, shame",Ich kann leider nicht mitkommen. - Das ist aber schade!,"Unfortunately, I can not come along. - That's a pity!"
"schaden, schadet, schadete, hat geschadet","to hurt, damage",Ein kleines Glas Wein kann nicht schaden.,A small glass of wine can not hurt.
"der Schaden, -""",damage,Ich hatte einen Unfall mit dem Auto. - Jetzt muss ich den Schaden der Versicherung melden.,I had an accident with the car. - Now I have to report the damage to the insurance.
"schaffen, schafft, schaffte, hat geschafft","to make, manage, do, finish","Kannst du mir helfen, die Party vorzu bereiten? Ich schaffe das nicht allein.",Can you help me to prepare the party? I can not do it on my own.
"schalten, schaltet, schaltete, hat geschaltet","to switch, turn","Schalten Sie bitte das Licht aus, wenn Sie gehen.",Turn off the lights when you leave.
"der Schalter, -",switch,Der Lichtschalter ist rechts neben der Tür.,The light switch is to the right of the door.
scharf,"spicy, hot",Die Suppe ist mir zu scharf.,The soup is too hot for me.
"der Schatten, -","shade, shadow",Gestern hatten wir 25 Grad im Schatten.,Yesterday we had 25 degrees in the shade.
"schätzen, schätzt, schätzte, hat geschätzt","to estimate, value","Wie alt ist der Chef? - Ich weiß nicht, ich schätze, um die Fünfzig.","How old is the boss? - I do not know, I guess, around fifty."
"schauen, schaut, schaute, hat geschaut",to show,Schau mal! Da vorne ist noch ein Platz frei.,Look here! There is still a free space in front.
"das Schaufenster, -",shop (show) window,Ich habe im Schaufenster eine schicke Bluse gesehen.,I saw a nice blouse in the shop window.
"der Schauspieler, -",actor,Der Film war toll. Die Schauspieler waren sehr gut.,The movie was great. The actors were very good.
"die Scheibe, -n","slice, pane (of glass)","Fünf Scheiben Käse, bitte.","Five slices of cheese, please."
"sich scheiden lassen, lässt sich scheiden, ließ sich scheiden, hat sich scheiden lassen",get divorced,Meine Nachbarn haben sich scheiden lassen.,My neighbors got divorced.
"geschieden sein, ist geschieden, war geschieden",be divorced,Meine Kollegin ist geschieden.,My colleague is divorced.
"die Scheidung, -en",divorce,Wann war die Scheidung?,When was the divorce?
"der Schein, -e",note,Kannst du einen Fünfzigeuroschein wechseln?,Can you change a five-euro note?
"scheinen, scheint, schien, hat geschienen",to shine,Gestern hat es geregnet. Heute scheint wieder die Sonne.,It rained yesterday. Today the sun is shining again.
"schenken, schenkt, schenkte, hat geschenkt",to give a present,Meiner Mutter haben wir zum Geburtstag Blumen geschenkt.,We gave my mother flowers for my birthday.
"die Schere, -n",scissors,Die Schere hier schneidet schlecht. Hast du noch eine andere?,The pair of scissors cuts badly. Do you have another one?
"die Schicht, -en",layer,Mein Mann arbeitet Schicht.,My husband works shift.
schick,fancy,Ich finde dein Kleid sehr schick.,I think your dress is very chic.
"schicken, schickt, schickte, hat geschickt",to send,Ich habe meinen Freunden eine Einladung zur Hochzeit geschickt.,I sent my friends an invitation to the wedding.
"schieben, schiebt, schob, hat geschoben",to push,Leider ist mein Fahrrad kaputtgegangen. Ich musste es nach Hause schieben.,Unfortunately my bike broke. I had to push it home.
schief,"crooked, leaning, sloping",Der Spiegel hängt ganz schief.,The mirror hangs awry.
"schießen, schießt, schoss, hat geschossen","to shoot, kick",Unsere Mannschaft hat ein Tor geschossen.,Our team has scored a goal.
"das Schiff, -e",ship,Sind Sie mit dem Schiff oder mit dem Flugzeug gekommen?,Did you come by boat or by plane?
"das Schild, -er",sign,"Kannst du lesen, was dort auf dem Schild steht?",Can you read what's on the sign?
"schimpfen, schimpft, schimpfte, hat geschimpft","to grumble, complain, tell off","Der Arzt hat mit mir geschimpft, weil ich zu wenig Sport mache.",The doctor scolded me for not doing enough exercise.
"der Schinken, -",hm,"Bitte, ein Brötchen mit Schinken.","Please, a bun with ham."
"der Schirm, -e",umrella,Es regnet. Hast du einen Schirm dabei?,It's raining. Do you have a screen with you?
"schlafen, schläft, schlief, hat geschlafen",sleep,Haben Sie gut geschlafen?,Did you sleep well?
der Schlaf (Sg.),sleep,Mein Vater macht jeden Tag einen Mittagsschlaf.,My dad makes a nap every day.
"schlagen, schlägt, schlug, hat geschlagen","to strike, hit",Wer hat den Weltmeister geschlagen?,Who beat the world champion?
"die Schlange, -n",snake,Meine Tochter hat Angst vor Schlangen.,My daughter is afraid of snakes.
schlank,slim,Meine Tochter ist groß und schlank.,My daughter is tall and slim.
schlecht,bhd,Das Wetter ist schlecht. / Die Bezahlung in dieser Firma ist schlecht.,The weather is bad. / The payment in this company is bad.
"schließen, schließt, schloss, hat geschlossen","to close, shut","Bitte, schließen Sie die Tür.",Please close the door.
schließlich,finally,Ich musste lange warten. Aber schließlich habe ich den Job doch noch bekommen.,I had to wait a long time. But finally I got the job.
"das Schloss, -""er","lock, padlock, castle",An unserer Wohnungstür ist das Schloss kaputt.,The lock is broken on our apartment door.
"der Schluss, -""e",end,Ich muss jetzt Schluss machen. Es klingelt an der Tür.,I have to stop now. It rings at the door.
"der Schlüssel, -",key,Ich kann meine Schlüssel nicht finden.,I can not find my keys.
schlimm,bad,Die Wunde sieht schlimm aus.,The wound looks bad.
schmal,narrow,Hier kannst du nicht parken. Die Straße ist zu schmal.,You can not park here. The road is too narrow.
"schmecken, schmeckt, schmeckte, hat geschmeckt",to taste,Hat es Ihnen geschmeckt?,Did you enjoy your meal?
"der Schmerz, -en",pain,Haben Sie Schmerzen?,Do you have pain?
"das Schmerzmittel, -",painkiller,Sie haben Zahnschmerzen? Ich verschreibe Ihnen ein Schmerzmittel.,You have a toothache? I prescribe you a pain medication.
"der Schmuck, -e",jewellery,Dieser Schmuck ist von meiner Großmutter.,This jewelry is from my grandmother.
schmutzig,dirty,Leg bitte die schmutzige Wäsche in die Waschmaschine.,Please put the dirty laundry in the washing machine.
der Schnee (Sg.),snow,Im Februar gibt es oft viel Schnee.,There is often a lot of snow in February.
"schneien, es schneit, es schneite, es hat geschneit",to snow,Heute Nacht hat es geschneit.,It was snowing tonight.
"schneiden, schneidet, schnitt, hat geschnitten",to cut,Das Messer schneidet nicht.,The knife does not cut.
schnell,fast,Warum fährst du so schnell?,Why are you driving so fast?
"das Schnitzel, -",schnitzel,Bitte ein Schnitzel mit Kartoffeln und Salat.,Please a schnitzel with potatoes and salad.
"der Schnupfen, -",cold,Ich habe Schnupfen. Welches Medikament empfehlen Sie?,I have a cold. Which medicine do you recommend?
"die Schokolade, -n",chocolate,Ich habe eine Tafel Schokolade gegessen.,I ate a bar of chocolate.
schon,"already, just",Ist das Essen schon fertig?,Is the meal ready yet?
schön,beautiful,Ich finde eure Wohnung sehr schön.,I think your apartment is very nice.
"der Schrank, -""e",cupboard,Die Handtücher liegen im Schrank.,The towels are in the closet.
"der Schreck/Schrecken, -en / -","scare, fright",Ich habe einen großen Schreck bekommen.,I got a big fright.
schrecklich,"terrible, dreadful",Heute ist eine schreckliche Hitze.,Today is a terrible heat.
"schreiben, schreibt, schrieb, hat geschrieben",to write,Meine Großmutter hat mir geschrieben.,My grandmother wrote to me.
aufschreiben,to write down,Ich habe mir deine Telefonnummer aufgeschrieben.,I wrote down your phone number.
"das Schreiben, -","letter, communication",Bitte bringen Sie das Schreiben vom Wohnungsamt mit.,Please bring the letter from the housing office.
"der Schreibtisch, -e",writing desk,Die Papiere liegen auf dem Schreibtisch.,The papers are on the desk.
"schreien, schreit, schrie, hat geschrien",to scream,"Kinder, hört bitte auf, so laut zu schreien. - Ich muss arbeiten.","Children, please stop screaming so loud. - I have to work."
"die Schrift, -en",handwriting,Ich kann leider deine Schrift nicht lesen.,"Unfortunately, I can not read your font."
schriftlich,written,Die schriftliche Prüfung dauert einen halben Tag.,The written exam lasts half a day.
"der Schritt, -e","step, walk",Die Sprachschule ist nur ein paar Schritte von hier.,The language school is just a few steps from here.
"der Schuh, -e",schoe,Die neuen Schuhe sind mir zu eng.,The new shoes are too tight for me.
"die Schuld, -en",fault,"Es ist nicht meine Schuld, dass das nicht geklappt hat.",It's not my fault that it did not work.
"schuld sein, ist schuld, war schuld, ist schuld gewesen",be to blame,Ich hatte einen Unfall. Aber ich war nicht schuld.,I had an accident. But I was not to blame.
schuldig,guilty,"Was bin ich Ihnen schuldig? - 50 Euro, bitte.","What do I owe you? - 50 euros, please."
"die Schule, -n",school,Meine Tochter geht schon in die Schule.,My daughter is already in school.
"der Schüler, - / die Schülerin, -nen",student,In der Klasse sind 25 Schüler.,There are 25 students in the class.
"die Schulter, -n",shoulder,Ich habe Schmerzen in der rechten Schulter.,I have pain in my right shoulder.
"schützen, schützt, schützte, hat geschützt",to protect,Diese Impfung schützt vor Grippe.,This vaccine protects against flu.
der Schutz (Sg.),protection,Das ist ein guter Schutz gegen Kälte.,That's a good protection against cold.
schwach,weak,Ich bin noch nicht gesund. Ich fühle mich noch sehr schwach.,I'm not healthy yet. I still feel very weak.
schwanger,pregnant,Meine Cousine ist im dritten Monat schwanger.,My cousin is three months pregnant.
"die Schwangerschaft, -en",pregnancy,Sie dürfen während der Schwangerschaft nicht rauchen.,You must not smoke during pregnancy.
schwarz,black,Ich mag die Farbe Schwarz.,I like the color black.
"das Schwein, -e",pig,Ich esse kein Fleisch vom Schwein.,I do not eat meat from the pig.
schwer,heavy,Der Koffer ist viel zu schwer.,The suitcase is way too heavy.
"die Schwester, -n",sister,Meine Schwester heiratet morgen.,My sister marries tomorrow.
Schwieger,in-laws,Wir besuchen morgen meine Schwiegereltern.,We will visit my in-laws tomorrow.
schwierig,difficult,Die Prüfung war sehr schwierig.,The exam was very difficult.
"die Schwierigkeit, -en",difficulty,Ich hatte große Schwierigkeiten mit dem Visum.,I had a lot of trouble with the visa.
"schwimmen, schwimmt, schwamm, ist geschwommen",to swim,Ich gehe regelmäßig schwimmen.,I go swimming regularly.
"das Schwimmbad, -""er",swimming pool,Kommst du mit ins Schwimmbad?,Are you coming to the pool?
"schwitzen, schwitzt, schwitzte, hat geschwitzt",to sweat,Es war sehr heiß. Wir haben alle sehr geschwitzt.,It was very hot. We were all very sweaty.
"der See, -n / die See / die Nordsee",lake,Unser Hotel war direkt am See.,Our hotel was right on the lake.
"sehen, sieht, sah, hat gesehen",to see,Ich sehe nicht gut. Ich brauche eine Brille.,I do not see well. I need glasses.
"die Sehenswürdigkeit, -en",sight,Welche Sehenswürdigkeiten gibt es hier?,Which sights are there?
sehr,very,Ich habe mich sehr über Ihren Besuch gefreut. Hier ist Ihr Essen. - Danke sehr. Das Wetter ist heute sehr schön.,I was very happy about your visit. Here is your food. - Thank you very much. The weather is very beautiful today.
"die Seife, -n",soap,Hier gibt es keine Seife.,There is no soap here.
"sein, ist, war, ist gewesen",to be,Ich bin Mechaniker. / Das sind meine Kollegen.,I'm a mechanic. / These are my colleagues.
seit,since,Wir wohnen seit dem 3. März in Dortmund.,We live since March 3rd in Dortmund.
seitdem,since (then),Ich bin vor zwei Jahren nach Deutschland gekommen. Seitdem lerne ich Deutsch.,I came to Germany two years ago. Since then I learn German.
"die Seite, -n",page,Das hier ist die Goethestraße. Ich wohne auf der linken Seite.,This is Goethestrasse. I live on the left side.
"die Sekretärin, -nen",secretary,Ich arbeite als Sekretärin.,I work as a secretary.
selb-,the same,Ich habe am selben Tag Geburtstag wie du.,I have a birthday the same day as you.
selbst,self,Den Kuchen habe ich selbst gebacken.,I baked the cake myself.
selbstständig,"self employed, independent",Jetzt bin ich angestellt. Früher war ich selbstständig.,Now I am employed. I used to be self-employed.
selbstverständlich,"of course, obviously",Selbstverständlich sagen wir Ihnen sofort Bescheid.,Of course we will let you know immediately.
selten,seldom,Ich gehe ganz selten ins Kino.,I rarely go to the cinema.
"das Semester, -",semester,Mein Neffe studiert im 6. Semester Medizin.,My nephew is studying medicine in the 6th semester.
"senden, sendet, sendete / sandte, hat gesendet / hat gesandt",to send,Bitte senden Sie uns die Unterlagen per E- Mail.,Please send us the documents by e-mail.
"der Sender, -",(radio) Station,Welchen Sender siehst du am liebsten?,Which station do you most like to watch?
"die Sendung, -en","consignment, programme, transmission",Wir wiederholen die Sendung am 23. Mai.,We repeat the broadcast on May 23rd.
die Senioren (Pl.),"seniors, old people",Dieser Kurs ist für Senioren.,This course is for seniors.
senkrecht,vertical,Ziehen Sie bitte eine senkrechte Linie.,Please draw a vertical line.
"die Serie, -n",series,Meine Tochter liebt Fernsehserien.,My daughter loves TV shows.
der Service (Sg.),service,Rufst du beim Pizza- Service an?,Are you calling for pizza service?
"der Sessel, -",chair,Ich hätte gern einen bequemen Sessel.,I would like to have a comfortable chair.
"setzen, setzt, setzte, hat gesetzt",to place,Darf ich mich zu Ihnen setzen?,Can I sit next to you?
sicher,sure,Dieses Auto ist besonders sicher.,This car is especially safe.
"die Sicherheit, -en",security,Sicherheit ist für mich sehr wichtig.,Safety is very important to me.
"sichern, sichert, sicherte, hat gesichert",to secure,Du musst immer alle Daten im Computer sichern.,You always have to backup all data in the computer.
sichtbar,visible,Es gibt keine sichtbaren Verletzungen. Aber wir müssen das Bein trotzdem untersuchen.,There are no visible injuries. But we still have to examine the leg.
"der Sieg, -e","win, victory",Unsere Mannschaft hat gewonnen.,Our team won.
"der Sieger, -",winner,Wer hat gewonnen? Wie heißt der Sieger?,Who won? What's the name of the winner?
"singen, singt, sang, hat gesungen",to sing,Ich singe gern.,I like to sing.
"sinken, sinkt, sank, ist gesunken",to sink,Das Schiff ist vor der Küste gesunken.,The ship has sunk off the coast.
"der Sinn, -e",sense,Bitte rufen Sie nicht jeden Tag an.,Please do not call every day.
"die Situation, -en",situation,Meine Situation ist schwierig.,My situation is difficult.
"sitzen, sitzt, saß, hat gesessen",to sit,Wo möchten Sie sitzen? - Bitte ganz hinten.,Where would you like to sit? - Please at the very back.
"der Sitz, -e",seat,Ich suche für meinen Sohn einen Kindersitz fürs Auto.,I'm looking for my son a car seat for the car.
"der Ski, - / -er",ski,Gehen wir am Wochenende Ski laufen?,Do we go skiing at the weekend?
"die SMS, -",SMS,Ich habe dir heute Morgen eine SMS geschickt. Warum antwortest du nicht?,I sent you an SMS this morning. Why do not you answer?
so,"so, like this",Wie macht man das? - So! / Sie müssen das so machen. Nicht so!,How do you do that? - So! / You have to do it that way. Not so!
sobald,as soon as,"Sobald ich den Termin weiß, gebe ich Ihnen Bescheid.","As soon as I know the date, I'll let you know."
"die Socke, -n",sock,Im Winter brauche ich warme Socken.,In winter I need warm socks.
sodass,so that,"Der Zug hatte zwei Stunden Verspätung, sodass ich erst um 23 Uhr nach Hause kam.",The train was two hours late so I did not get home until 11pm.
"das Sofa, -s",sofa,Wir hätten gern ein modernes Sofa.,We would like to have a modern sofa.
sofort,immediately,Sie müssen sich sofort anmelden.,You have to sign up immediately.
"die Software, -s",software,Ich habe mir eine neue Software gekauft. Ich bin sehr zufrieden damit.,I bought a new software. I am very happy with it.
sogar,even,Mein Onkel hat uns zum Essen eingeladen. Danach hat er uns sogar zum Bahnhof gebracht.,My uncle invited us to dinner. After that he even took us to the train station.
"der Sohn, -""e",son,Mein jüngster Sohn ist vier.,My youngest son is four.
solange,as long as,"Solange Sie Fieber haben, dürfen Sie auf keinen Fall arbeiten gehen.","As long as you have a fever, you must not go to work."
solch-,"such, these",Solche Schuhe finde ich toll.,I like these shoes.
"sollen, soll, sollte, hat gesollt/… ,sollen",to be supposed to,Sie sollen sofort zum Chef kommen.,You should come to the boss immediately.
"das Sonderangebot, -e",special offer,Das ist ein Sonderangebot: 25 % reduziert.,This is a special offer: 25% reduced.
sondern,but (rather),"Unser Besuch kommt nicht heute, sondern morgen.","Our visit is not coming today, but tomorrow."
"die Sonne, -n",sun,Das Wetter ist schön. Die Sonne scheint.,The weather is nice. The sun is shining.
sonst,"otherwise, other, usually, normally","Sonst noch etwas? - Nein, danke. Das ist alles.",Anything else? - No thanks. That's all.
sonstig,other,Schau mal unter « Sonstiges ».,"Look under ""Other""."
"sorgen, sorgt, sorgte, hat gesorgt",to worry,Wer sorgt denn für die Kinder?,Who cares for the children?
"die Sorge, -n",worry,Ich mache mir Sorgen um meinen Sohn. Er ruft nicht an.,I'm worried about my son. He does not call.
"die Soße, -n",sauce,Gibst du mir bitte mal die Soße?,"Will you give me the sauce, please?"
"das Souvenir, -s",souvenir,Ich habe ein paar Souvenirs aus dem Urlaub mitgebracht.,I brought some souvenirs from my vacation.
soviel,as fas as,"Soviel ich weiß, hat dieses Restaurant heute Ruhetag.","As far as I know, this restaurant is closed today."
so viel/so viel wie,so much,Ich verdiene nur halb so viel wie er.,I only earn half as much as he.
sowieso,anyway,Willst du mir den Brief mitgeben? Ich gehe sowieso zur Post.,Will you give me the letter? I'm going to the post anyway.
sowohl ... als auch,as well ... as,Sowohl Sie als auch Ihre Frau müssen unterschreiben.,Both you and your wife have to sign.
"das Sozialamt, -""er",social security office,Sie müssen zum Sozialamt gehen.,You have to go to the welfare office.
"der Sozialarbeiter, -",social worker,Ein Schwager von mir arbeitet als Sozialarbeiter.,A brother in law of mine works as a social worker.
"die Sozialhilfe, -n",social care,Sie können Sozialhilfe beantragen.,You can apply for social assistance.
spannend,exciting,Das Spiel war spannend bis zur letzten Minute.,The game was exciting until the last minute.
"sparen, spart, sparte, hat gespart",to save,"Ein Auto ist mir zu teuer, ich muss sparen.","A car is too expensive for me, I have to save."
sparsam,"economical, thrifty",Meine Frau ist sehr sparsam.,My wife is very economical.
"der Spaß ,-""e",fun,Meine Arbeit macht mir viel Spaß.,I enjoy my work.
